case,number,f_73,f_59,f_25,f_120,f_55,f_178,f_179,f_81,f_17,f_47
Case001-1,175282,0.1485440135002136,0.2425984442234039,0.1386376023292541,0.0518178008496761,0.1537280976772308,0.2182609587907791,5.321979523742471e-10,0.0207407400012016,0.2095965594053268,0.1753905117511749
Case001-1,175323,0.2819050550460815,0.308978796005249,0.3239461481571197,0.3230877816677093,0.3517414033412933,0.2444696873426437,0.4221140444278717,0.3525103628635406,0.3446716368198395,0.21208256483078
Case001-1,175352,0.4068028330802917,0.425764262676239,0.4734938740730285,0.4255963265895843,0.3896613419055938,0.445404976606369,0.5798732042312622,0.4861163794994354,0.4178867042064667,0.3392951488494873
Case001-1,175356,0.5689353346824646,0.7991988658905029,0.7278668880462646,0.6242754459381104,0.5949165225028992,0.7106454968452454,0.9172940254211426,0.8481625318527222,0.6272185444831848,0.4844588041305542
Case001-1,175374,0.7193294763565063,0.7293819785118103,0.6203277707099915,0.6621738076210022,0.5164687037467957,0.6776333451271057,0.772378146648407,0.7441044449806213,0.7263997793197632,0.5378381013870239
Case001-1,175397,0.5757891535758972,0.4831660687923431,0.4796020686626434,0.5390220284461975,0.4250800013542175,0.4926833212375641,0.7161698341369629,0.6206470131874084,0.5102764368057251,0.4033909142017364
Case001-1,175422,0.6426287889480591,0.6418575644493103,0.4480713903903961,0.8091328740119934,0.7055280208587646,0.7792870998382568,0.7051963210105896,0.7910966277122498,0.744473934173584,0.65056973695755
Case001-1,175432,0.6677706241607666,0.6649742722511292,0.5905076265335083,0.7476730346679688,0.6950482726097107,0.6732121706008911,0.710303544998169,0.7476194500923157,0.6878819465637207,0.6274294257164001
Case001-1,175445,0.6739027500152588,0.6602557897567749,0.5923437476158142,0.7853507399559021,0.7073161602020264,0.7214288115501404,0.6647694110870361,0.7798296213150024,0.6848945021629333,0.6148517727851868
Case001-1,175477,0.7801914215087891,0.6453110575675964,0.745678722858429,0.7321321368217468,0.6583541035652161,0.6483346819877625,0.8126514554023743,0.8703240156173706,0.7296276688575745,0.6088610887527466
Case001-1,175493,0.4968563020229339,0.4407865107059479,0.5668142437934875,0.5830594301223755,0.5116243958473206,0.4714102447032928,0.6531791687011719,0.6690370440483093,0.5693334341049194,0.4194829761981964
Case001-1,175565,0.7081224918365479,0.6876763105392456,0.6990607976913452,0.6751969456672668,0.767707884311676,0.6767874956130981,0.8155949711799622,0.8091777563095093,0.6733644604682922,0.6369696259498596
Case001-1,175577,0.7020424008369446,0.6415882706642151,0.6778412461280823,0.7075543999671936,0.725041925907135,0.6201167702674866,0.9003016352653503,0.7329398393630981,0.6748488545417786,0.5793226361274719
Case001-1,175595,0.5785784721374512,0.6468687653541565,0.6343962550163269,0.6513463258743286,0.7172338366508484,0.6056900024414062,0.8096754550933838,0.875035285949707,0.6295577883720398,0.5565412640571594
Case001-1,175687,0.791257917881012,0.7286643981933594,0.7720449566841125,0.7867360711097717,0.8111461400985718,0.7102451324462891,0.8622318506240845,0.7949268221855164,0.7217091917991638,0.7186068892478943
Case001-1,176187,0.8791704773902893,0.8610554933547974,0.8792356252670288,0.890091061592102,0.8694249391555786,0.86114901304245,0.8108044266700745,0.8943700194358826,0.886328935623169,0.8566581606864929
Case001-1,176228,0.7978710532188416,0.7956054210662842,0.7359758615493774,0.7392541766166687,0.7921710014343262,0.7791299819946289,0.8797401189804077,0.8347585797309875,0.7553061246871948,0.7471452355384827
Case001-1,176266,0.7334806323051453,0.8129274845123291,0.6298310160636902,0.7535218596458435,0.8196255564689636,0.7995232343673706,0.7620975971221924,0.8778647184371948,0.8323138952255249,0.846761167049408
Case001-1,176279,0.6577939987182617,0.8653913736343384,0.5505309700965881,0.7358176708221436,0.7774225473403931,0.8033893704414368,0.7237139344215393,0.7593926787376404,0.8629036545753479,0.8489848375320435
Case001-1,176282,0.7767825126647949,0.9071699380874634,0.6922881007194519,0.8559386134147644,0.8692260980606079,0.8545324802398682,0.7462849020957947,0.8722041249275208,0.8867535591125488,0.8805851936340332
Case001-1,176343,0.3969776034355163,0.5000829696655273,0.2855501770973205,0.4894142746925354,0.3449600338935852,0.5223173499107361,0.4793415367603302,0.433680921792984,0.5880845189094543,0.5009105801582336
Case001-1,176409,0.5109039545059204,0.6309617757797241,0.4705267250537872,0.6277554631233215,0.6011397838592529,0.6907781958580017,0.5132890939712524,0.5462067127227783,0.8150916695594788,0.7946733832359314
Case001-1,176461,0.8649166822433472,0.8760233521461487,0.8592879772186279,0.8775554299354553,0.890836238861084,0.8462689518928528,0.8800068497657776,0.8557665348052979,0.8957529067993164,0.8735546469688416
Case001-1,176763,0.8658015727996826,0.8800562620162964,0.845800518989563,0.8731573820114136,0.8929524421691895,0.8750636577606201,0.8840347528457642,0.8899438381195068,0.8661751747131348,0.8695935606956482
Case001-1,177366,0.8186431527137756,0.8345683217048645,0.7672382593154907,0.7102527618408203,0.7766521573066711,0.810449481010437,0.7913383841514587,0.6858038306236267,0.7667538523674011,0.8814924955368042
Case001-1,177405,0.8009677529335022,0.8020756840705872,0.7720873355865479,0.7412425875663757,0.8225454092025757,0.7962042689323425,0.8462220430374146,0.7432493567466736,0.7953358292579651,0.8598666787147522
Case001-1,177616,0.8552262783050537,0.869865357875824,0.8024457693099976,0.8636063933372498,0.8788095712661743,0.8229535222053528,0.8963176012039185,0.8539490103721619,0.8584690093994141,0.8579661846160889
Case001-1,177997,0.7264549732208252,0.7844676971435547,0.6778722405433655,0.7779343724250793,0.8345816135406494,0.7203280329704285,0.8967597484588623,0.8353248834609985,0.795046329498291,0.7520601153373718
Case001-1,178574,0.7739988565444946,0.8133844137191772,0.7216900587081909,0.8297958374023438,0.8206321001052856,0.7189387083053589,0.8933753967285156,0.8262266516685486,0.7978910207748413,0.7985618710517883
Case001-1,178725,0.4787729680538177,0.6991329789161682,0.4031338989734649,0.6446530222892761,0.4605897963047027,0.6644752025604248,0.5070363283157349,0.4488840699195862,0.7477937936782837,0.7151768803596497
Case001-1,178846,0.7030101418495178,0.8694137930870056,0.6666985154151917,0.7928256392478943,0.7746391892433167,0.8221960663795471,0.7840601801872253,0.8170186281204224,0.8753793835639954,0.8523215055465698
Case001-1,179057,0.8806582093238831,0.9016612768173218,0.8453218340873718,0.9004026055335999,0.901567816734314,0.8484991192817688,0.9091491103172302,0.90231591463089,0.8851456642150879,0.8778834939002991
Case001-1,179406,0.8517001867294312,0.8430274724960327,0.806244969367981,0.8753424286842346,0.8626924753189087,0.833921492099762,0.9006472229957581,0.832699716091156,0.9041239023208618,0.8833888173103333
Case001-1,179423,0.904363453388214,0.8980525135993958,0.8422645330429077,0.9212923049926758,0.9016332626342772,0.8736921548843384,0.9102320671081544,0.911202907562256,0.8810928463935852,0.8982377052307129
Case001-2,105,0.8834028840065002,0.8743494153022766,0.8355837464332581,0.8975695967674255,0.8774237036705017,0.8829721212387085,0.9089232087135316,0.8701929450035095,0.91902494430542,0.8971883058547974
Case001-2,132,0.901690661907196,0.9090418815612792,0.8532741069793701,0.9147915244102478,0.8993057012557983,0.8964075446128845,0.9321610927581788,0.8920702934265137,0.912214457988739,0.8948436975479126
Case001-2,160,0.8731172680854797,0.8857694268226624,0.8169468641281128,0.9052073955535888,0.893929123878479,0.9001673460006714,0.8975756764411926,0.8663190603256226,0.9250617027282716,0.85916668176651
Case001-2,186,0.8663505911827087,0.8652257323265076,0.7852193713188171,0.8662605285644531,0.8477957248687744,0.8523997068405151,0.8886376023292542,0.8231684565544128,0.9006198048591614,0.8848181366920471
Case001-2,215,0.8368977308273315,0.7715319395065308,0.7215116024017334,0.8479484915733337,0.8456098437309265,0.7783288359642029,0.8836104273796082,0.8475773930549622,0.825525164604187,0.8174354434013367
Case001-2,289,0.9273191690444946,0.9179956912994384,0.8567935824394226,0.931820511817932,0.9053515195846558,0.9013880491256714,0.9399071335792542,0.9287513494491576,0.933410942554474,0.9151708483695984
Case001-2,428,0.8935309052467346,0.8978618383407593,0.8171340823173523,0.9028802514076232,0.8678735494613647,0.8901464939117432,0.9359548091888428,0.9061343669891356,0.9362228512763976,0.884841799736023
Case001-2,521,0.9057080149650574,0.9119070768356324,0.8582447171211243,0.9234349727630616,0.916567325592041,0.8922293782234192,0.9515159130096436,0.9327250123023988,0.9158727526664734,0.8878902792930603
Case001-2,640,0.897248387336731,0.8823989629745483,0.8614426851272583,0.9207281470298768,0.9010964035987854,0.8687275648117065,0.914145529270172,0.8944792151451111,0.8986601233482361,0.8924074769020081
Case001-2,932,0.840485155582428,0.8052996397018433,0.7682980298995972,0.8623973727226257,0.8434074521064758,0.7977343797683716,0.8900165557861328,0.8509707450866699,0.8323846459388733,0.8373488187789917
Case001-2,1204,0.841704785823822,0.8169570565223694,0.7539998292922974,0.8556810617446899,0.8198847770690918,0.8190183043479919,0.8688026070594788,0.8115314841270447,0.8600585460662842,0.8435705304145813
Case001-2,1250,0.7898275852203369,0.7145013213157654,0.708554208278656,0.8008241653442383,0.8029882907867432,0.7462172508239746,0.8360769748687744,0.7663276195526123,0.7709407210350037,0.8069249391555786
Case001-2,1301,0.8958218097686768,0.8864660263061523,0.8543577790260315,0.9088912010192872,0.9239938855171204,0.8424614071846008,0.9339579343795776,0.9163394570350648,0.8926219344139099,0.8632497191429138
Case001-2,1313,0.8579810261726379,0.8819556832313538,0.778599202632904,0.8603058457374573,0.8790807723999023,0.7684550285339355,0.8634267449378967,0.8427950739860535,0.859026312828064,0.7926243543624878
Case001-2,1340,0.8362715244293213,0.8637925386428833,0.7841220498085022,0.8585668206214905,0.858902096748352,0.8005688190460205,0.8519972562789917,0.8576014637947083,0.7725510597229004,0.7986487746238708
Case001-2,1413,0.891514241695404,0.8538383841514587,0.7931755185127258,0.8830632567405701,0.8444802761077881,0.8214517831802368,0.8410384654998779,0.8111913800239563,0.8231799006462097,0.8600611090660095
Case001-2,1565,0.8873820900917053,0.881106436252594,0.8638057708740234,0.8810341358184814,0.8874176144599915,0.86419677734375,0.8743399977684021,0.9088519811630248,0.8806177973747253,0.866443395614624
Case001-2,1660,0.9004026055335999,0.894533097743988,0.8449159860610962,0.9030663967132568,0.9176545739173888,0.8829221725463867,0.88114994764328,0.8925028443336487,0.8950350880622864,0.8988467454910278
Case001-2,1717,0.8545401096343994,0.8032470345497131,0.7794896364212036,0.8354406952857971,0.8461278080940247,0.8189810514450073,0.8798587918281555,0.8671925067901611,0.8355948328971863,0.8510175347328186
Case001-2,1954,0.8459374308586121,0.8509296774864197,0.8126279711723328,0.8629371523857117,0.8829461932182312,0.8386496305465698,0.8788625001907349,0.8376203775405884,0.8812965154647827,0.8739318251609802
Case001-2,2116,0.8222095966339111,0.8158214092254639,0.7511793971061707,0.8249284029006958,0.8455797433853149,0.8078763484954834,0.8578343987464905,0.8706300258636475,0.8213291168212891,0.8115322589874268
Case001-2,2272,0.8326238393783569,0.8528175354003906,0.7733557224273682,0.8437002301216125,0.8585628271102905,0.7816371321678162,0.8383522033691406,0.7924082279205322,0.7861786484718323,0.827940821647644
Case001-2,2344,0.8610402345657349,0.8470213413238525,0.7814474701881409,0.8797383904457092,0.8982736468315125,0.8437151908874512,0.8429436087608337,0.8386232256889343,0.8495667576789856,0.8753559589385986
Case001-2,2406,0.8866037726402283,0.8346796631813049,0.8279033899307251,0.8830973505973816,0.8519945740699768,0.853655219078064,0.8981822729110718,0.8999057412147522,0.8624790906906128,0.8718984127044678
Case001-2,2561,0.8592150807380676,0.8591679334640503,0.7909339666366577,0.8430619239807129,0.8510366082191467,0.827948808670044,0.8780428171157837,0.868768036365509,0.8334243297576904,0.8288207650184631
Case001-2,2675,0.8465767502784729,0.8074628114700317,0.7953857183456421,0.8499071598052979,0.8575129508972168,0.7868442535400391,0.8696340918540955,0.8336702585220337,0.7804164290428162,0.8416739106178284
Case001-2,2730,0.8379054069519043,0.8020654320716858,0.7922561168670654,0.8424482345581055,0.8612849116325378,0.7998382449150085,0.8092650771141052,0.7938681244850159,0.7805390357971191,0.8405333161354065
Case001-2,2922,0.8393489718437195,0.8542346954345703,0.7766055464744568,0.8374096751213074,0.8857411742210388,0.8154461979866028,0.8911429643630981,0.8023427128791809,0.7975584864616394,0.8382809162139893
Case001-2,3024,0.8614625334739685,0.8051779866218567,0.7936117053031921,0.8502642512321472,0.8459137082099915,0.8424915075302124,0.8571054339408875,0.8579291701316833,0.8291385769844055,0.8446120023727417
Case001-2,3165,0.8548510670661926,0.7558618783950806,0.767859935760498,0.8423930406570435,0.8039245009422302,0.8482765555381775,0.8165313005447388,0.8178498148918152,0.8176248669624329,0.8207955360412598
Case001-2,3166,0.8760143518447876,0.8722653985023499,0.8084961175918579,0.8588694334030151,0.8526729345321655,0.877802312374115,0.8824334144592285,0.8929783701896667,0.8522374629974365,0.8364061713218689
Case001-2,3378,0.8094838261604309,0.8207129836082458,0.7445991039276123,0.8378539085388184,0.8377036452293396,0.793763279914856,0.8636831641197205,0.838407039642334,0.8075633645057678,0.8020266890525818
Case001-2,3530,0.8683022260665894,0.8664118051528931,0.8079535365104675,0.8806465864181519,0.890995979309082,0.8331496119499207,0.9358360171318054,0.8865258693695068,0.8622996807098389,0.8689175844192505
Case001-2,3737,0.8743374347686768,0.8838995099067688,0.8308396935462952,0.8780218362808228,0.8771495223045349,0.8514158725738525,0.9289481043815612,0.9135925769805908,0.8545008301734924,0.8527328372001648
Case001-2,3972,0.8193115592002869,0.7937296032905579,0.7933024764060974,0.8461921811103821,0.8360086679458618,0.8379334807395935,0.8151249289512634,0.8544944524765015,0.8459048867225647,0.8256562352180481
Case001-2,4079,0.8856797814369202,0.8990505337715149,0.829916775226593,0.9061555862426758,0.9036407470703124,0.8774724006652832,0.9267514944076538,0.9279534220695496,0.9216812252998352,0.8719229102134705
Case001-2,4160,0.8598037958145142,0.8569376468658447,0.8207781910896301,0.8879851698875427,0.8764685988426208,0.8400713801383972,0.8810851573944092,0.8775250911712646,0.8621005415916443,0.8723970651626587
Case001-2,4221,0.8397308588027954,0.821596086025238,0.8080598711967468,0.8659407496452332,0.8491259217262268,0.8412238955497742,0.8540091514587402,0.8462029099464417,0.8553146719932556,0.8623599410057068
Case001-2,4533,0.8497484922409058,0.8103647232055664,0.7331094145774841,0.8358069062232971,0.8244462013244629,0.8292286992073059,0.8009236454963684,0.7803835272789001,0.820912778377533,0.8519479036331177
Case001-2,4680,0.8090062737464905,0.7491059899330139,0.7605291604995728,0.8382080793380737,0.8450739979743958,0.835579514503479,0.8603351712226868,0.8375266790390015,0.8276260495185852,0.8333430886268616
Case001-2,4857,0.6438892483711243,0.6945715546607971,0.5578613877296448,0.7008676528930664,0.764236569404602,0.6059548854827881,0.7488179802894592,0.6350904107093811,0.690378725528717,0.7451785206794739
Case001-2,5175,0.6247580051422119,0.6254736185073853,0.5831911563873291,0.6243748068809509,0.6489084959030151,0.6278236508369446,0.6808921098709106,0.6050176024436951,0.6773606538772583,0.7020795941352844
Case001-2,5487,0.5505590438842773,0.6172224879264832,0.5912401080131531,0.6294823288917542,0.6967529058456421,0.6317840814590454,0.6920706629753113,0.601149320602417,0.633104681968689,0.7012556791305542
Case001-2,5799,0.6674602627754211,0.6919165849685669,0.6042343378067017,0.6618330478668213,0.6307421922683716,0.7467893362045288,0.561000406742096,0.4144777059555053,0.536003828048706,0.7590816617012024
Case001-2,6251,0.6699051856994629,0.616445004940033,0.6317837238311768,0.6451541781425476,0.6546527743339539,0.730728805065155,0.5252631902694702,0.4612322747707367,0.5526647567749023,0.741991400718689
Case001-2,6427,0.6767463088035583,0.7314140200614929,0.6241878271102905,0.6824015378952026,0.5696024298667908,0.7055636048316956,0.7273707389831543,0.5482417345046997,0.5893799066543579,0.7584675550460815
Case001-2,6639,0.5972870588302612,0.6249770522117615,0.5791159272193909,0.6053674221038818,0.6067116856575012,0.6415647864341736,0.5053167343139648,0.4007118344306946,0.5590617656707764,0.7219163775444031
Case001-2,7161,0.5698909759521484,0.5756521821022034,0.5264548063278198,0.5385344624519348,0.5253490805625916,0.6247843503952026,0.5017397403717041,0.4016680419445038,0.5171639323234558,0.6896470785140991
Case001-2,7343,0.7871372699737549,0.7675449252128601,0.7414287328720093,0.8250938057899475,0.8009443283081055,0.7868101596832275,0.87143474817276,0.8272468447685242,0.7477318644523621,0.7649725675582886
Case001-2,7545,0.7388238310813904,0.7073129415512085,0.633192777633667,0.735188901424408,0.8314829468727112,0.7072339653968811,0.881102442741394,0.8764529228210449,0.7948530912399292,0.7030940055847168
Case001-2,7660,0.8574244379997253,0.7879670858383179,0.793483555316925,0.8812214136123657,0.8596078753471375,0.7752085328102112,0.8956248760223389,0.8721817135810852,0.8476179242134094,0.8012948632240295
Case001-2,7862,0.7268529534339905,0.7776728272438049,0.7355465292930603,0.7689986824989319,0.8564074635505676,0.764887809753418,0.8892340064048767,0.8894884586334229,0.8879849910736084,0.7642978429794312
Case001-2,8144,0.7515302896499634,0.7297379970550537,0.6858150362968445,0.7374028563499451,0.7931018471717834,0.697418212890625,0.8161439895629883,0.8177891969680786,0.8137854337692261,0.7915757894515991
Case001-2,8386,0.884895920753479,0.8700084686279297,0.794116199016571,0.8843854665756226,0.8960200548171997,0.8276872038841248,0.9186651110649108,0.890386164188385,0.919885754585266,0.8857717514038086
Case001-2,8401,0.8800811171531677,0.8542646169662476,0.8182521462440491,0.9064927101135254,0.9044001698493958,0.8585241436958313,0.9362635016441344,0.9029746651649476,0.9029707908630372,0.8778444528579712
Case001-2,8540,0.5571001172065735,0.6466842293739319,0.5682929754257202,0.4630194902420044,0.6471966505050659,0.5452001094818115,0.6428632736206055,0.7270293831825256,0.6492383480072021,0.6320315599441528
Case001-2,8657,0.800861120223999,0.7955472469329834,0.7516548037528992,0.7946385145187378,0.8258917331695557,0.7867349982261658,0.7702353596687317,0.790740966796875,0.8009739518165588,0.7735932469367981
Case001-2,8702,0.4447223246097564,0.5962851643562317,0.5361679792404175,0.3919498026371002,0.6023359298706055,0.4609657526016235,0.5554734468460083,0.5213128328323364,0.4760913550853729,0.5395942330360413
Case002-1,206831,0.6585943102836609,0.5528075695037842,0.4364807903766632,0.7381779551506042,0.6875953078269958,0.7746086120605469,0.1841587722301483,0.5273144841194153,0.3380881249904632,0.7267070412635803
Case002-1,206852,0.6330826282501221,0.4261839687824249,0.4149840176105499,0.7160967588424683,0.4888888895511627,0.7279840111732483,0.1125769540667533,0.3503664135932922,0.2474502474069595,0.678508460521698
Case002-1,206883,0.6136971712112427,0.4609266817569732,0.4922527372837066,0.6139717102050781,0.553942859172821,0.6043246984481812,0.2033873498439788,0.4294533729553222,0.3131101727485657,0.6025850772857666
Case002-1,206919,0.5568278431892395,0.6430119872093201,0.4814316034317016,0.7948318123817444,0.6292458176612854,0.7301623225212097,0.3032199144363403,0.3300739526748657,0.3201871216297149,0.547564685344696
Case002-1,206955,0.53617924451828,0.501069188117981,0.5171465873718262,0.7212694883346558,0.6562172770500183,0.78892982006073,0.2521165311336517,0.5096703171730042,0.3017808794975281,0.6087462902069092
Case002-1,206963,0.4281893074512481,0.3267450034618377,0.3285387754440307,0.4071336686611175,0.3208010792732239,0.5270006656646729,0.3160766363143921,0.3470388650894165,0.2311846762895584,0.5134536623954773
Case002-1,207033,0.568764328956604,0.5443528890609741,0.4989483058452606,0.5228348970413208,0.5139179229736328,0.5908539295196533,0.5004857778549194,0.6134209036827087,0.4527569115161896,0.6347568035125732
Case002-1,207034,0.5586909055709839,0.585090160369873,0.5141647458076477,0.5344882607460022,0.5043854117393494,0.5744079947471619,0.4957198202610016,0.586254358291626,0.4341069459915161,0.6410055756568909
Case002-1,207239,0.289424329996109,0.3687102496623993,0.296373575925827,0.3360447883605957,0.332958459854126,0.3673631548881531,0.3653372824192047,0.3807441592216491,0.2420681565999984,0.4250873029232025
Case002-1,207240,0.2701337337493896,0.2953120470046997,0.238834336400032,0.2589015662670135,0.2755902707576751,0.3283085525035858,0.2655743360519409,0.3508567810058594,0.2103265225887298,0.3361911475658417
Case002-1,207332,0.5794983506202698,0.6033555865287781,0.5207113027572632,0.5548016428947449,0.4861393570899963,0.5505902171134949,0.5664991736412048,0.5345116853713989,0.3649146258831024,0.637418270111084
Case002-1,207383,0.2421213537454605,0.2934939265251159,0.2466273009777069,0.2608886659145355,0.2681815028190613,0.3429389297962188,0.2805009484291076,0.2545380294322967,0.2031863182783126,0.3798846006393432
Case002-1,207384,0.2513474822044372,0.2889930605888366,0.2260394543409347,0.2539430856704712,0.2603502869606018,0.3338873088359833,0.3004047870635986,0.2421604245901107,0.2178083956241607,0.3281399011611938
Case002-1,207744,0.4508807063102722,0.1564335227012634,0.2157783508300781,0.3375113308429718,0.2575394213199615,0.4459492266178131,0.1572527438402176,0.1164695173501968,0.086696058511734,0.4870616793632507
Case002-1,209020,0.3095341622829437,0.2516650855541229,0.2257041186094284,0.4356549084186554,0.5046747326850891,0.4937778115272522,0.6026257872581482,0.3236836493015289,0.2705382406711578,0.3206076025962829
Case002-1,209045,0.6166607141494751,0.5201526284217834,0.4894390404224396,0.5899536609649658,0.7495882511138916,0.7331258654594421,0.5982341170310974,0.4993154406547546,0.5236536264419556,0.5978149771690369
Case002-1,209070,0.7277104258537292,0.666217029094696,0.6235576868057251,0.6613360643386841,0.7182269096374512,0.7866007089614868,0.6574289798736572,0.6275510191917419,0.6159601211547852,0.7173930406570435
Case002-1,209088,0.6017792224884033,0.5160622596740723,0.528607964515686,0.5287253260612488,0.633927583694458,0.697258710861206,0.5380108952522278,0.4951297044754028,0.4894091486930847,0.5988060235977173
Case002-1,209123,0.2690419554710388,0.2131276279687881,0.1873297542333603,0.326435774564743,0.2904211580753326,0.4514322876930237,0.4294898509979248,0.170278400182724,0.1527934223413467,0.3061434924602508
Case002-1,209136,0.5615120530128479,0.5782901048660278,0.590971827507019,0.6249592900276184,0.6093337535858154,0.7029796242713928,0.6094796061515808,0.5666558146476746,0.5541019439697266,0.6203078031539917
Case002-1,209155,0.5200960636138916,0.4999229609966278,0.5836299061775208,0.6532026529312134,0.6774518489837646,0.7452534437179565,0.7065398097038269,0.5285155773162842,0.5535593032836914,0.5851132869720459
Case002-1,209192,0.3467821776866913,0.3834447860717773,0.3821244835853576,0.4480335712432861,0.5018981695175171,0.5241641998291016,0.5731693506240845,0.349274218082428,0.3658186495304107,0.3551630973815918
Case002-1,209198,0.1709652692079544,0.2732253074645996,0.308211475610733,0.2916266918182373,0.3480817675590515,0.3655352592468261,0.4031840860843658,0.3186334371566772,0.4648386538028717,0.1848752349615097
Case002-1,209229,0.2329842895269394,0.3193069398403168,0.2384011447429657,0.3526906073093414,0.4343076348304748,0.4548959136009216,0.3501253724098205,0.1186473444104194,0.2414120286703109,0.2663985192775726
Case002-1,209241,0.2741762995719909,0.2214889675378799,0.2272119224071502,0.4028268456459045,0.3826714754104614,0.4454847276210785,0.4649050235748291,0.2433345913887024,0.1666274964809417,0.3134399652481079
Case002-1,209302,0.2671066522598266,0.2525752782821655,0.1800208091735839,0.3086743056774139,0.3124052584171295,0.3768831789493561,0.3026188313961029,0.1379424184560775,0.1369069814682006,0.2491849064826965
Case002-1,209367,0.528141438961029,0.5057857632637024,0.3772299289703369,0.5748253464698792,0.5707625150680542,0.6016260385513306,0.5417560935020447,0.461981326341629,0.387555330991745,0.5455437302589417
Case002-1,209469,0.6218717694282532,0.6649996042251587,0.6354076862335205,0.6724688410758972,0.670153796672821,0.6924899220466614,0.755683958530426,0.6406189799308777,0.6554434895515442,0.6284948587417603
Case002-1,209495,0.3682076930999756,0.4491700828075409,0.3423137962818146,0.4259571135044098,0.4248485267162323,0.4729396104812622,0.6291424632072449,0.4791020452976227,0.3918632566928863,0.3949960172176361
Case002-1,209908,0.5489110946655273,0.553209662437439,0.5878058075904846,0.6002284288406372,0.5215224027633667,0.5863264799118042,0.7623445391654968,0.6897101402282715,0.5571333169937134,0.5149021148681641
Case002-1,210568,0.1174366176128387,0.1675915718078613,0.1348695904016494,0.3071602880954742,0.1891756504774093,0.2550675570964813,0.5644859671592712,0.2944617867469787,0.2380952388048172,0.1078956797719001
Case002-1,210608,0.311004102230072,0.3827784657478332,0.3672127425670624,0.4169566631317138,0.3687951266765594,0.3717123866081238,0.6513565182685852,0.552620530128479,0.4423709511756897,0.2708701491355896
Case002-1,210928,0.6728891730308533,0.724237859249115,0.6993342041969299,0.8212324380874634,0.7590354084968567,0.7564326524734497,0.857365071773529,0.8401751518249512,0.7515808343887329,0.6201124787330627
Case002-1,210941,0.6668019890785217,0.7317468523979187,0.7315238118171692,0.7686077356338501,0.7191995978355408,0.7850692868232727,0.723311722278595,0.7842397093772888,0.6991111040115356,0.6516984701156616
Case002-1,210977,0.6561439037322998,0.6253132820129395,0.6257732510566711,0.6587752103805542,0.6701953411102295,0.6758356690406799,0.7178774476051331,0.6796762943267822,0.6407908201217651,0.6348261833190918
Case002-1,210991,0.7836441397666931,0.7676935195922852,0.768712043762207,0.8106356859207153,0.7948313355445862,0.8097978830337524,0.8595336079597473,0.80426025390625,0.820136308670044,0.7472602128982544
Case002-1,211002,0.8411731123924255,0.7876061201095581,0.7786132097244263,0.8538990020751953,0.8340643048286438,0.8355371952056885,0.7216778993606567,0.7933998703956604,0.8234080672264099,0.842564582824707
Case002-1,211309,0.3021003603935241,0.2806923389434814,0.2325832247734069,0.3227409720420837,0.2853478491306305,0.4450184106826782,0.4955596625804901,0.4142125844955444,0.323726624250412,0.368607759475708
Case002-1,213658,0.4308390021324157,0.4935126900672912,0.4988067746162414,0.5197399258613586,0.3898454010486603,0.5601978302001953,0.4696146845817566,0.3808481097221374,0.3917093575000763,0.4923492670059204
Case002-1,213672,0.4782918393611908,0.6018708944320679,0.5441768169403076,0.5504671931266785,0.431828111410141,0.5971782803535461,0.4937949180603027,0.4396055340766907,0.4428578019142151,0.5118160843849182
Case002-1,213778,0.4077531397342682,0.464573860168457,0.4056139290332794,0.434789627790451,0.3847629725933075,0.4927283227443695,0.1651909500360489,0.4074160158634186,0.3008081912994385,0.4519059360027313
Case002-1,214263,0.6392259001731873,0.6293495893478394,0.5668139457702637,0.6327238082885742,0.6366353631019592,0.6655242443084717,0.6649014949798584,0.6266351342201233,0.5437641739845276,0.5763079524040222
Case002-1,214653,0.4649508595466614,0.3673072159290313,0.3492775559425354,0.5182842016220093,0.5423629879951477,0.5585774779319763,0.6208180785179138,0.4571256339550018,0.3532334268093109,0.4481310248374939
Case002-1,214664,0.5449294447898865,0.369855135679245,0.4235682189464569,0.600453794002533,0.5572129487991333,0.5761317014694214,0.6904444098472595,0.4887706339359283,0.4237167835235595,0.5081692934036255
Case002-1,214680,0.5083081722259521,0.2604701519012451,0.3237993121147156,0.4984796941280365,0.5030417442321777,0.5504983067512512,0.4805411100387573,0.3576607704162597,0.3391702175140381,0.4900769591331482
Case002-1,215293,0.5031780004501343,0.505204975605011,0.5140405893325806,0.5804584622383118,0.5478546023368835,0.6200367212295532,0.4844599366188049,0.4259619414806366,0.4252647757530212,0.5188852548599243
Case002-1,215883,0.5263402462005615,0.5047112703323364,0.5185801386833191,0.573570191860199,0.5163048505783081,0.5807886719703674,0.5822237730026245,0.5282655954360962,0.5296839475631714,0.522459864616394
Case002-1,216018,0.6245655417442322,0.6290958523750305,0.5985473990440369,0.6432974934577942,0.6720989346504211,0.7120833396911621,0.6272513270378113,0.6118882894515991,0.6223982572555542,0.6229766607284546
Case003-2,7940,0.47651407122612,0.7524772882461548,0.4673372507095337,0.602200984954834,0.5219430923461914,0.5694354176521301,0.4512875974178314,0.4714161455631256,0.5026177763938904,0.4638077616691589
Case003-2,7941,0.4770462810993194,0.7307794690132141,0.5160868167877197,0.636169970035553,0.6168888807296753,0.6374637484550476,0.3487020432949066,0.5131605267524719,0.4965178966522217,0.4821662008762359
Case003-2,7987,0.5044341683387756,0.7612641453742981,0.4885072112083435,0.6515650749206543,0.5411373972892761,0.6152086853981018,0.3813463747501373,0.5910764932632446,0.3232631087303161,0.4725579023361206
Case003-2,8293,0.5822994112968445,0.6523281335830688,0.5551331043243408,0.7497559785842896,0.6491844058036804,0.6553621292114258,0.8721014261245728,0.7085394859313965,0.659009575843811,0.5619613528251648
Case003-2,8300,0.5709001421928406,0.6507459878921509,0.5546361207962036,0.7203891277313232,0.6219146251678467,0.6628060340881348,0.7920847535133362,0.7324269413948059,0.6991322636604309,0.5647300481796265
Case003-2,8307,0.6478459239006042,0.7798388004302979,0.7920801043510437,0.6581680178642273,0.7707345485687256,0.6056133508682251,0.8124316930770874,0.8019396662712097,0.7816787958145142,0.6502690315246582
Case003-2,8320,0.7127993702888489,0.8168599605560303,0.8161657452583313,0.7056792378425598,0.7627293467521667,0.6557530164718628,0.774806559085846,0.8268467783927917,0.7782673835754395,0.6934095621109009
Case003-2,8349,0.830717146396637,0.7371369004249573,0.8300663232803345,0.76880943775177,0.78533536195755,0.7270956635475159,0.7315419912338257,0.7898010611534119,0.7194746732711792,0.7648109197616577
Case003-2,8433,0.7164100408554077,0.7525885105133057,0.7319814562797546,0.6469377875328064,0.7789242267608643,0.6546359062194824,0.715554416179657,0.7299789786338806,0.737095296382904,0.6852255463600159
Case003-2,8524,0.5455871820449829,0.5699626803398132,0.5019902586936951,0.6181036829948425,0.5396063327789307,0.4849652349948883,0.6266512274742126,0.7556368112564087,0.5475121736526489,0.5487686395645142
Case003-2,8565,0.2986688911914825,0.4658151865005493,0.3147721588611603,0.3182795643806457,0.3497228324413299,0.3801552355289459,0.5443636178970337,0.4357448518276214,0.4002331495285034,0.3107715547084808
Case003-2,8646,0.460668534040451,0.6136496067047119,0.4901791512966156,0.4616343677043915,0.5156424045562744,0.4907881021499634,0.7380073666572571,0.5782138705253601,0.5434156656265259,0.4753565192222595
Case003-2,8979,0.4276411533355713,0.5361263155937195,0.4613003134727478,0.4525777399539947,0.4091872870922088,0.4474637806415558,0.5874595642089844,0.50724196434021,0.5470588207244873,0.4243364632129669
Case003-2,12219,0.5436348915100098,0.6268972754478455,0.5699188709259033,0.5869021415710449,0.4969930350780487,0.5709308385848999,0.6758098602294922,0.6362870335578918,0.56119304895401,0.421883076429367
Case003-2,12234,0.7885355949401855,0.8168148994445801,0.8339477777481079,0.8388189673423767,0.7696273326873779,0.7132260799407959,0.8749373555183411,0.8601112365722656,0.8525905609130859,0.7579956650733948
Case003-2,12235,0.8771657347679138,0.7626222968101501,0.8074109554290771,0.8007689118385315,0.8484100103378296,0.6032691597938538,0.7422027587890625,0.7828410267829895,0.7962616682052612,0.805213212966919
Case003-2,12271,0.8083184957504272,0.4017210006713867,0.652230441570282,0.4995223581790924,0.669264554977417,0.4275507628917694,0.2913213074207306,0.4411753714084625,0.5962849855422974,0.671795666217804
Case003-2,12322,0.8173125386238098,0.6865189075469971,0.7353933453559875,0.7931172251701355,0.7424912452697754,0.7119400501251221,0.6430314183235168,0.7121111750602722,0.7099534273147583,0.6831448674201965
Case003-2,12365,0.7579824924468994,0.6581713557243347,0.7213587164878845,0.7756307721138,0.7215077877044678,0.6397002935409546,0.6719589233398438,0.7243044376373291,0.7055856585502625,0.6639596819877625
Case003-2,12370,0.739832878112793,0.6584222912788391,0.7334014177322388,0.7731983065605164,0.7220055460929871,0.6496592164039612,0.6384679675102234,0.6811577081680298,0.7045367360115051,0.6302534341812134
Case003-2,12992,0.6040083169937134,0.5439407825469971,0.5882237553596497,0.6768929958343506,0.6904920935630798,0.5678842067718506,0.3820879757404327,0.4784605801105499,0.4328963458538055,0.669086754322052
Case003-2,13352,0.3706688284873962,0.2979515790939331,0.3667908012866974,0.3115845620632171,0.4031466841697693,0.3425540626049042,0.103431612253189,0.1742450594902038,0.3100561201572418,0.4327774047851562
Case003-2,13910,0.6770888566970825,0.4361507594585418,0.5950304865837097,0.6312188506126404,0.6576863527297974,0.4844765365123749,0.3489231467247009,0.4427999556064605,0.4646298587322235,0.5056885480880737
Case003-2,14330,0.7019034624099731,0.4853951930999756,0.5917859077453613,0.6799238920211792,0.6808834075927734,0.5111731886863708,0.4370975792407989,0.5032293796539307,0.524193525314331,0.6054608225822449
Case003-2,14350,0.6663078665733337,0.4175538718700409,0.5581914186477661,0.5871814489364624,0.622791051864624,0.3342199325561523,0.206971675157547,0.3675799071788788,0.5609966516494751,0.5401616096496582
Case003-2,14386,0.6720434427261353,0.5163934230804443,0.6257545351982117,0.7034356594085693,0.6715436577796936,0.5738580226898193,0.4261690378189087,0.6407106518745422,0.5521518588066101,0.5986121296882629
Case003-2,14423,0.7120175957679749,0.6711968183517456,0.6780106425285339,0.6986161470413208,0.7223826050758362,0.6854032874107361,0.6103026866912842,0.6904359459877014,0.6598355174064636,0.678916335105896
Case003-2,14462,0.7467573881149292,0.7264701128005981,0.7146637439727783,0.7446290254592896,0.7270041704177856,0.7270394563674927,0.696530818939209,0.6985182762145996,0.6981876492500305,0.6237581372261047
Case003-2,14972,0.6123954057693481,0.5931605100631714,0.566408097743988,0.6842894554138184,0.6591767072677612,0.5369333624839783,0.586127519607544,0.7500783205032349,0.5752549767494202,0.47636479139328
Case003-2,14996,0.7519521117210388,0.743630588054657,0.7233597636222839,0.7756342887878418,0.7799128890037537,0.6781197190284729,0.6718608140945435,0.7449777126312256,0.7635077238082886,0.648602306842804
Case003-2,15086,0.7000870704650879,0.5731477737426758,0.642957866191864,0.5866578221321106,0.646701991558075,0.6043969392776489,0.4785155057907104,0.6391507983207703,0.6923163533210754,0.6239178776741028
Case004-1,141813,0.4340659379959106,0.5671712160110474,0.4935769140720367,0.5269390940666199,0.5081042051315308,0.4423054158687591,0.5403292775154114,0.6234983801841736,0.5033050179481506,0.5462512373924255
Case004-1,142923,0.7720386385917664,0.7903214693069458,0.8395289182662964,0.8147226572036743,0.7615672945976257,0.74933922290802,0.7481526136398315,0.8427731394767761,0.7853484749794006,0.7451088428497314
Case004-1,142932,0.7548256516456604,0.7271080613136292,0.7886269688606262,0.803085207939148,0.7216528654098511,0.6333333253860474,0.7039362192153931,0.7705495357513428,0.7651335597038269,0.6927745938301086
Case004-1,142993,0.7330421805381775,0.7335608601570129,0.7877742648124695,0.7432489991188049,0.769264280796051,0.7167736887931824,0.7689990997314453,0.7869071364402771,0.7595924735069275,0.7255427241325378
Case004-1,143264,0.5795397758483887,0.6826502680778503,0.6669225096702576,0.7076405882835388,0.6439142823219299,0.573749303817749,0.7055083513259888,0.7132538557052612,0.6502735018730164,0.6392134428024292
Case004-1,143545,0.652453601360321,0.5694697499275208,0.6085964441299438,0.7663741707801819,0.6260659694671631,0.6106857061386108,0.5578075647354126,0.6936604380607605,0.6836717128753662,0.6551564931869507
Case004-1,144139,0.8955929279327393,0.7932626008987427,0.8587185144424438,0.8218584060668945,0.8173038363456726,0.9035812616348268,0.8265581727027893,0.7898132801055908,0.7933385968208313,0.7779132723808289
Case004-1,147509,0.7383183240890503,0.6648611426353455,0.7552392482757568,0.7163931131362915,0.7663899064064026,0.7778679728507996,0.6520811319351196,0.6777634024620056,0.7605940699577332,0.7889500260353088
Case004-1,147518,0.8364510536193848,0.7263532876968384,0.7661310434341431,0.8444150686264038,0.8370634317398071,0.7626366019248962,0.7546086311340332,0.8382568955421448,0.7523955702781677,0.781159520149231
Case004-1,147586,0.8488898277282715,0.8150616884231567,0.8531259894371033,0.8330879807472229,0.8165693283081055,0.8108961582183838,0.7768093347549438,0.8400235176086426,0.8428472280502319,0.8483346104621887
Case004-1,147605,0.7013272047042847,0.7171607613563538,0.703439474105835,0.7669162750244141,0.6939187049865723,0.5764141082763672,0.6791188716888428,0.6138756275177002,0.6764653325080872,0.7107789516448975
Case004-1,147756,0.877609133720398,0.8923475742340088,0.8780142664909363,0.8757548332214355,0.8735724687576294,0.8249529004096985,0.8348644375801086,0.8808925151824951,0.8811594247817993,0.9192561507225036
Case004-1,147997,0.926749050617218,0.9201793670654296,0.9360092878341676,0.9294752478599548,0.8897206783294678,0.8537811636924744,0.9352218508720398,0.82682865858078,0.9295145273208618,0.8926844596862793
Case004-1,148097,0.8588085174560547,0.9058257341384888,0.8753337860107422,0.8803374767303467,0.8609304428100586,0.8406744003295898,0.7924217581748962,0.8517415523529053,0.8455227613449097,0.8794596195220947
Case004-1,148428,0.7683977484703064,0.8674522638320923,0.8597173690795898,0.8998852968215942,0.8335385918617249,0.8546786308288574,0.7997828722000122,0.8899101614952087,0.8844038844108582,0.8397374749183655
Case004-1,148579,0.8409362435340881,0.8671292066574097,0.9043533205986024,0.7960978746414185,0.7590416669845581,0.8169854283332825,0.8233404755592346,0.7755776643753052,0.7630152106285095,0.795122504234314
Case004-1,148686,0.8831775784492493,0.8468440771102905,0.8761203289031982,0.8582484126091003,0.8707515001296997,0.8807688355445862,0.821349561214447,0.8955045342445374,0.8360345959663391,0.863707423210144
Case004-1,148709,0.8468027710914612,0.8632746934890747,0.8921158909797668,0.8868519067764282,0.8540624976158142,0.8477101922035217,0.8820582032203674,0.8991629481315613,0.865132212638855,0.8977662324905396
Case004-1,148718,0.8445300459861755,0.8863252401351929,0.8911084532737732,0.8719947934150696,0.8729544281959534,0.8704965710639954,0.8394238352775574,0.8538402915000916,0.8466061949729919,0.859950840473175
Case004-1,148777,0.3257854878902435,0.3920386135578155,0.3520506918430328,0.5077157020568848,0.3425432741641998,0.4115384519100189,0.5469845533370972,0.4136487245559692,0.3712771832942962,0.5068323016166687
Case004-1,148782,0.3638118207454681,0.3410090506076813,0.3938869535923004,0.5245245099067688,0.4691061675548553,0.4732484221458435,0.6946428418159485,0.4538123309612274,0.3365724384784698,0.7492477297782898
Case004-1,148993,0.7089285850524902,0.7454538345336914,0.7435989379882812,0.8362842798233032,0.7997223734855652,0.7774943709373474,0.6785569190979004,0.7799992561340332,0.7049404382705688,0.7301069498062134
Case004-1,149025,0.90795236825943,0.8787438273429871,0.874356210231781,0.8705000281333923,0.908455491065979,0.8808346390724182,0.927563488483429,0.8757625222206116,0.8722478151321411,0.8777663111686707
Case004-1,149056,0.7503547072410583,0.7864508628845215,0.8859947919845581,0.8218735456466675,0.8497042655944824,0.8064578771591187,0.7937781810760498,0.846757709980011,0.7979435920715332,0.8059189319610596
Case004-1,149417,0.8106339573860168,0.8394944071769714,0.9023677706718444,0.9147049188613892,0.8916432857513428,0.7802486419677734,0.8047853708267212,0.872166097164154,0.7658967971801758,0.7763440608978271
Case004-1,149478,0.8971904516220093,0.9046837091445924,0.9583553671836852,0.9318828582763672,0.9118521213531494,0.8626329898834229,0.9349075555801392,0.8970038294792175,0.8921698927879333,0.8762911558151245
Case004-1,149516,0.6103079915046692,0.6914929151535034,0.7546018362045288,0.8479905724525452,0.7334597110748291,0.5794931650161743,0.8039859533309937,0.6556246876716614,0.6664251685142517,0.6945774555206299
Case004-1,149636,0.4449942409992218,0.4257206320762634,0.5724201202392578,0.5535741448402405,0.4761765599250793,0.4259142577648163,0.5997501015663147,0.3849287033081054,0.4267560541629791,0.501562237739563
Case004-1,149637,0.4513335525989532,0.4359255135059356,0.5828526020050049,0.5594283938407898,0.6596571207046509,0.5060514211654663,0.6942492723464966,0.3568442463874817,0.4219879508018493,0.516631007194519
Case004-1,149788,0.8246937990188599,0.7719697952270508,0.8081077933311462,0.7374986410140991,0.798288881778717,0.767795741558075,0.7514852285385132,0.8113254308700562,0.8115538358688354,0.8192903995513916
Case004-1,149831,0.8115528225898743,0.8009436130523682,0.8239890336990356,0.7211583256721497,0.7403555512428284,0.7214850783348083,0.786473274230957,0.8024848103523254,0.7856113314628601,0.796624481678009
Case004-1,149880,0.830178439617157,0.8319581151008606,0.831523597240448,0.8226985335350037,0.8126727342605591,0.744751513004303,0.8104408979415894,0.7592388391494751,0.8575364947319031,0.8311898112297058
Case004-1,150061,0.6643037796020508,0.6418694257736206,0.7230982780456543,0.7828336358070374,0.7097057700157166,0.669593334197998,0.7222999334335327,0.5858227610588074,0.7213152647018433,0.7105810642242432
Case004-1,150212,0.6422041058540344,0.682668149471283,0.7000128030776978,0.7873662114143372,0.6450752019882202,0.5843284726142883,0.7804173827171326,0.6103338599205017,0.5487303137779236,0.6130338311195374
Case004-1,150363,0.8176132440567017,0.7193350195884705,0.7407066822052002,0.8091708421707153,0.7638341784477234,0.7318432331085205,0.8323801159858704,0.7023840546607971,0.8342069387435913,0.7674523591995239
Case004-1,150389,0.80483478307724,0.7641841769218445,0.7645220160484314,0.787042498588562,0.7229692339897156,0.6432286500930786,0.7564780712127686,0.7594584822654724,0.7222703099250793,0.7516523599624634
Case006-1,208726,0.2276715040206909,0.2320157140493393,0.2556017935276031,0.164159208536148,0.2091310769319534,0.2181113064289093,0.1781458854675293,0.1890498697757721,0.1756484359502792,0.2295457869768142
Case006-1,208749,0.4287864565849304,0.3524715602397918,0.4341906309127807,0.3851317763328552,0.3498782813549042,0.307241290807724,0.2966121733188629,0.3471226990222931,0.2534511685371399,0.3563053905963897
Case006-1,208784,0.820305585861206,0.7134971022605896,0.7377655506134033,0.7271758317947388,0.6253872513771057,0.5944831967353821,0.6998202800750732,0.5827522277832031,0.6252608299255371,0.6855595111846924
Case006-1,208786,0.8079904317855835,0.7755284905433655,0.7435019612312317,0.759449303150177,0.7254915833473206,0.6450356841087341,0.8030730485916138,0.595305323600769,0.78099125623703,0.7598540186882019
Case006-1,208799,0.6893399357795715,0.8339666724205017,0.778100848197937,0.7661152482032776,0.7811960577964783,0.5979315042495728,0.8055794835090637,0.6787111163139343,0.6987951993942261,0.7223697900772095
Case006-1,208820,0.308174580335617,0.405381441116333,0.4595290720462799,0.3353593647480011,0.2478065639734268,0.3501765727996826,0.3202621042728424,0.2883925139904022,0.192658931016922,0.2305169701576233
Case006-1,208829,0.4433745443820953,0.2764104008674621,0.470194548368454,0.3779431879520416,0.3554145097732544,0.3342021405696869,0.3830869197845459,0.4627230763435364,0.342631071805954,0.3390719592571258
Case006-1,208850,0.489090085029602,0.4144953191280365,0.5363298654556274,0.4797258675098419,0.4007090032100677,0.3899179995059967,0.4199962019920349,0.328501284122467,0.3942105174064636,0.4966701865196228
Case006-1,208927,0.5024538040161133,0.4794419705867767,0.5176193118095398,0.4474532604217529,0.4689125716686249,0.3352185487747192,0.466601014137268,0.2397847771644592,0.4480162858963012,0.4998962581157684
Case006-1,208988,0.6120991706848145,0.5298556685447693,0.6117283701896667,0.5755054950714111,0.5713637471199036,0.4176408648490906,0.5653412342071533,0.4129650592803955,0.5480515360832214,0.5832136273384094
Case006-1,209232,0.550476610660553,0.4655726850032806,0.525224506855011,0.4267492890357971,0.4605043530464172,0.4198532104492187,0.5215497612953186,0.4403826296329498,0.399459958076477,0.4741087257862091
Case006-1,209272,0.7709452509880066,0.7576049566268921,0.6983681917190552,0.751336395740509,0.7697772979736328,0.6596245765686035,0.652137279510498,0.6800734996795654,0.6522477865219116,0.7326400876045227
Case006-1,209338,0.4835890233516693,0.480558842420578,0.4822137951850891,0.5370398759841919,0.51494300365448,0.4212335348129272,0.4527879059314728,0.463881254196167,0.4720134437084198,0.4554455578327179
Case006-1,209434,0.5376473665237427,0.5691346526145935,0.5417478680610657,0.5201081037521362,0.4908888638019562,0.5066479444503784,0.4964756369590759,0.4792305827140808,0.5533837080001831,0.5271736979484558
Case006-1,209536,0.4656984806060791,0.4793006777763366,0.57878178358078,0.2910337150096893,0.4216253161430359,0.4464481472969055,0.3463585376739502,0.2754088044166565,0.4367079138755798,0.3855764269828796
Case006-1,209956,0.0416834130883216,0.1501353979110717,0.1395474523305893,0.0669095739722251,0.0460738874971866,0.0805765837430954,0.0424005575478076,0.0357327796518802,0.1643329560756683,0.1292739510536193
Case006-1,209968,0.0502783469855785,0.1288907378911972,0.1142783090472221,0.0602930895984172,0.0521224103868007,0.12484011054039,0.0274589490145444,0.0101164728403091,0.1154343336820602,0.0837339535355568
Case006-1,209997,0.2063694298267364,0.2988543510437011,0.3044131994247436,0.2522816658020019,0.1564735323190689,0.2186893224716186,0.1790916919708252,0.2564511001110077,0.2817342281341553,0.2658659219741821
Case006-1,210153,0.1687301099300384,0.1963900923728943,0.1872211992740631,0.2259116470813751,0.1987320482730865,0.1455124765634536,0.1479116529226303,0.1719402223825454,0.1915540844202041,0.1868373155593872
Case006-1,210254,0.1060991138219833,0.1568086445331573,0.1370003670454025,0.1583518236875534,0.1742722541093826,0.1032244861125946,0.1407143622636795,0.0938041284680366,0.169445514678955,0.1578797399997711
Case006-1,210521,0.1175088137388229,0.1304607987403869,0.1283809840679168,0.1311572641134262,0.1468710154294967,0.1054360345005989,0.0743744075298309,0.0684913769364357,0.1156316921114921,0.0997650995850563
Case006-1,211281,0.2069423198699951,0.2358242273330688,0.2361804544925689,0.2447337061166763,0.2429302781820297,0.2012599259614944,0.1380457729101181,0.2490893304347992,0.2660374939441681,0.2331032752990722
Case006-1,213429,0.1238380596041679,0.1287183165550232,0.1311329156160354,0.1251234114170074,0.1075896546244621,0.0858488902449607,0.1090173870325088,0.050742782652378,0.1034456416964531,0.1216568797826767
Case006-1,213992,0.3348722457885742,0.3333965539932251,0.4798301458358764,0.2149519771337509,0.2333314418792724,0.3314897716045379,0.3781473636627197,0.5323538184165955,0.4058882892131805,0.3718667924404144
Case006-1,214629,0.2481229901313781,0.1730667352676391,0.1677894592285156,0.1361426264047622,0.183406725525856,0.1390983164310455,0.1768685579299926,0.1404158920049667,0.180627554655075,0.1124526187777519
Case006-1,214645,0.1106009185314178,0.0980365574359893,0.1130293384194374,6.711859540375896e-11,0.1012351289391517,0.1333618313074112,0.0132065508514642,0.1437648981809616,0.0232431460171937,0.0729411765933036
Case006-1,214768,0.5944206118583679,0.4308817386627197,0.5470696687698364,0.4108682870864868,0.4361501932144165,0.4767818748950958,0.4869202375411987,0.6182587742805481,0.6532805562019348,0.4852967858314514
Case006-1,214859,0.5841078162193298,0.4988059103488922,0.4826943576335907,0.4701500535011291,0.6675200462341309,0.4725009799003601,0.5684919953346252,0.556769609451294,0.6016143560409546,0.4695821404457092
Case006-1,214893,0.6375923156738281,0.4551117718219757,0.5839797854423523,0.4277048110961914,0.5589801669120789,0.5329747200012207,0.5498002171516418,0.5539962649345398,0.5908578038215637,0.438904345035553
Case006-1,215010,0.4023130238056183,0.3463220000267029,0.3427177965641022,0.3291365802288055,0.3936061561107635,0.4164871573448181,0.4056724905967712,0.3848074376583099,0.4577821493148803,0.2950858473777771
Case006-1,215221,0.6240394711494446,0.5647919178009033,0.6376451849937439,0.4945765137672424,0.5927772521972656,0.5560317039489746,0.5486965179443359,0.6762491464614868,0.6121971607208252,0.5938935875892639
Case006-1,215242,0.6571950316429138,0.6426286697387695,0.721293032169342,0.5262030959129333,0.6605563759803772,0.6738636493682861,0.563410222530365,0.6057435870170593,0.7371811866760254,0.6308571696281433
Case006-1,215284,0.8001773953437805,0.6339648365974426,0.6761035919189453,0.5828171968460083,0.7620763182640076,0.6377609968185425,0.6730583310127258,0.6039666533470154,0.7069833874702454,0.6958093047142029
Case006-1,215675,0.6052196621894836,0.624284565448761,0.6265103220939636,0.5694860816001892,0.5992163419723511,0.5655350089073181,0.6627041697502136,0.6607247591018677,0.5565640926361084,0.6079061031341553
Case006-1,215736,0.6453315615653992,0.5241180062294006,0.500277578830719,0.4434422254562378,0.5356425642967224,0.4113229215145111,0.4736259281635284,0.4821731746196747,0.5317363739013672,0.5276634097099304
Case006-1,216697,0.3653510808944702,0.2854894697666168,0.303806334733963,0.336245059967041,0.3847790658473968,0.3650969564914703,0.3263959884643554,0.3578478693962097,0.3675263524055481,0.3543608784675598
Case006-1,217629,0.1376373320817947,0.1211369112133979,0.141078844666481,0.1231245324015617,0.1728248596191406,0.1093257889151573,0.1309972107410431,0.1881645172834396,0.1310618966817855,0.1348119974136352
Case006-1,217809,0.2573513090610504,0.284803569316864,0.1949716359376907,0.3413218855857849,0.2630775570869446,0.2231163680553436,0.4139571785926819,0.2762468159198761,0.2617599070072174,0.1400999724864959
Case006-1,218139,0.6576707363128662,0.4744047522544861,0.5985817909240723,0.4270813167095184,0.46114581823349,0.5369008183479309,0.6354554295539856,0.5792088508605957,0.6021864414215088,0.4395857453346252
Case007-1,121748,0.5417677760124207,0.548367977142334,0.5809432864189148,0.5675719380378723,0.5504851341247559,0.5649634003639221,0.5852638483047485,0.5887688994407654,0.5740149617195129,0.5550649762153625
Case007-1,121855,0.0337801277637481,0.0155567685142159,0.0474871918559074,0.0136745190247893,0.0660987645387649,0.0990858152508735,0.001538784475997,0.001519885379821,0.0770430788397789,0.0652348026633262
Case007-1,121916,0.2398020029067993,0.2562994956970215,0.2726354897022247,0.2405991107225418,0.2357375472784042,0.2967914342880249,0.2362791895866394,0.3147726655006408,0.2520482540130615,0.2655838131904602
Case007-1,122018,0.3831798732280731,0.3974159359931946,0.4554753005504608,0.4118070602416992,0.3926913142204284,0.4263113141059875,0.4628392457962036,0.4831130802631378,0.42947918176651,0.4549050629138946
Case007-1,122059,0.2709099352359772,0.2855099439620971,0.2957110702991485,0.2738560438156128,0.2579143047332763,0.2996973097324371,0.2924164831638336,0.3473366796970367,0.3188470304012298,0.296578586101532
Case007-1,122099,0.2881661653518677,0.2847240567207336,0.2951963245868683,0.2925341725349426,0.2620152235031128,0.3331034481525421,0.3334552943706512,0.3521369695663452,0.2933163344860077,0.3145838975906372
Case007-1,122240,0.1815609484910965,0.1958871036767959,0.1997399181127548,0.1809147894382476,0.1773062795400619,0.2097879499197006,0.1869230717420578,0.1837782859802246,0.1793245077133178,0.1931752413511276
Case007-1,122320,0.1118812412023544,0.0869238823652267,0.0593251772224903,0.0897944644093513,0.1029256656765937,0.1378586888313293,0.1268950700759887,0.0874960422515869,0.1087884679436683,0.0572872795164585
Case007-1,122361,0.1712260693311691,0.1987269818782806,0.184556633234024,0.1961580365896225,0.1926158964633941,0.205030009150505,0.2017111778259277,0.1424463540315628,0.1894696503877639,0.1809859871864318
Case007-1,122401,0.3621205985546112,0.355561226606369,0.3752039074897766,0.371522456407547,0.3374109268188476,0.3761904835700989,0.3634612262248993,0.3302618563175201,0.3492507040500641,0.3732654750347137
Case007-1,122422,0.2832494080066681,0.3215214908123016,0.3110668063163757,0.3114897310733795,0.2912293374538421,0.3092001676559448,0.3231504559516907,0.2928877770900726,0.3061146736145019,0.3158182203769684
Case007-1,122462,0.4463915526866913,0.4585559368133545,0.4784700870513916,0.4472336769104004,0.4110537767410278,0.4690279960632324,0.4550319910049438,0.4747474789619446,0.4673500657081604,0.4625959694385528
Case007-1,122488,0.2888514995574951,0.3190965354442596,0.2997991442680359,0.2823133766651153,0.2667236328125,0.3028672337532043,0.3118823170661926,0.3140762746334076,0.2773581147193908,0.3258576393127441
Case007-1,122518,0.187153548002243,0.2281045168638229,0.2274651527404785,0.2157133668661117,0.2011060863733291,0.2259347587823867,0.2355129271745681,0.1838070154190063,0.2157765328884124,0.2207893133163452
Case007-1,122523,0.1665587723255157,0.1911764740943908,0.183834046125412,0.1837015002965927,0.1719495952129364,0.2048103660345077,0.1935661286115646,0.1571436375379562,0.190059095621109,0.1832238584756851
Case007-1,122679,0.2372796684503555,0.323123574256897,0.3128714859485626,0.3182839751243591,0.2615709900856018,0.3134684562683105,0.2965873181819916,0.3145879209041595,0.2790717780590057,0.3212209343910217
Case007-1,122682,0.266148030757904,0.333901971578598,0.3275314271450043,0.3200557231903076,0.2856923043727875,0.3262436389923095,0.2858843505382538,0.3377230763435364,0.2926167845726013,0.3263311684131622
Case007-1,122695,0.1420293301343917,0.1656612455844879,0.1732931435108184,0.1638329327106475,0.1542425155639648,0.1757036298513412,0.1713819056749344,0.1600516587495803,0.1564762890338897,0.1501422226428985
Case007-1,122700,0.0781542509794235,0.0766583010554313,0.0810060426592826,0.0368854627013206,0.0711537599563598,0.0938279628753662,0.0594000928103923,0.0177862104028463,0.0783559307456016,0.0138289630413055
Case007-1,122820,0.1500886380672454,0.1828672438859939,0.179186075925827,0.1533184349536895,0.1463432908058166,0.1702015101909637,0.1561150401830673,0.1679188758134842,0.1738625168800354,0.164356529712677
Case007-1,125511,0.3171401023864746,0.4052544832229614,0.4203302562236786,0.3942594230175018,0.3687770068645477,0.3503760695457458,0.4047285616397857,0.3728742897510528,0.3538468480110168,0.3493081033229828
Case007-1,130710,0.2404703646898269,0.2245033085346222,0.2315105944871902,0.2193617522716522,0.2106528133153915,0.1631162464618683,0.2327297478914261,0.2284000217914581,0.2212180495262146,0.2448979616165161
Case007-1,131910,0.274449735879898,0.1217587366700172,0.1324261128902435,0.2433406561613083,0.225390538573265,0.1606379300355911,0.2770951986312866,0.2047805935144424,0.273777574300766,0.2992021143436432
Case007-1,131922,0.230127215385437,0.2474566400051117,0.2273069620132446,0.2755403220653534,0.2137522846460342,0.2559756636619568,0.2236703336238861,0.3117676973342895,0.3351427912712097,0.3124386668205261
Case007-1,131930,0.0242261104285717,0.0195675808936357,0.0223624482750892,0.0250521916896104,0.0773709192872047,0.069434605538845,0.0399362705647945,0.0188863556832075,0.0495776198804378,0.0650486648082733
Case007-1,131956,0.0246732626110315,0.0103690903633832,0.003377707209438,0.0285041835159063,0.0450812801718711,0.0500069074332714,0.0386525578796863,1.9361083569702228e-10,0.0390221513807773,0.0653224438428878
Case007-1,132057,0.0224598925560712,0.000608920759987,7.633005338902876e-11,0.0018639330519363,0.0275397431105375,0.0557280741631984,7.562580423003949e-11,9.429514113978854e-11,0.0233299639075994,9.363295555564476e-11
Case007-1,132108,0.0273727290332317,0.0191097650676965,0.0122245457023382,0.0177301857620477,0.0275241490453481,0.0403898507356643,0.0099143115803599,0.0106942793354392,0.061310451477766,0.0074087460525333
Case007-1,132139,0.0460583418607711,0.0435100235044956,0.0718977451324462,0.0033380181994289,0.0522111840546131,0.0550082884728908,0.0060308435931801,0.0089670326560735,0.0971772298216819,0.0134748881682753
Case007-1,132255,0.0336550362408161,0.0694025978446006,0.0502005964517593,0.0280141104012727,0.044710636138916,0.0440025404095649,0.0503866709768772,0.0045640389434993,0.0592435859143734,0.0267810449004173
Case007-1,132499,0.1569158434867859,0.1551377773284912,0.1748498976230621,0.1741943955421447,0.1527997851371765,0.2192915678024292,0.1691044121980667,0.1423816978931427,0.2107332646846771,0.1881002783775329
Case007-1,132575,0.1542131304740905,0.1713131368160247,0.1106598973274231,0.1405086070299148,0.1298362016677856,0.2037671208381652,0.1524598151445388,0.1075996086001396,0.18710458278656,0.1536441296339035
Case007-1,132621,0.1416932493448257,0.1399723142385482,0.1815272122621536,0.1605711132287979,0.1465237736701965,0.1735666394233703,0.1557692289352417,0.1963173896074295,0.200441837310791,0.1626680940389633
Case007-1,132697,0.3649095594882965,0.3829076886177063,0.389207512140274,0.3883717656135559,0.357125461101532,0.4095226228237152,0.3835216462612152,0.3656517565250397,0.3911478221416473,0.3862098157405853
Case007-1,132713,0.6266499757766724,0.636467695236206,0.6572487950325012,0.6689013838768005,0.6396001577377319,0.6562485098838806,0.630803108215332,0.6173667907714844,0.6260208487510681,0.6473138332366943
Case007-1,132719,0.5716520547866821,0.5865245461463928,0.5861135721206665,0.594275176525116,0.5730083584785461,0.5952697992324829,0.580908477306366,0.5808703303337097,0.5833600759506226,0.6148239970207214
Case007-1,132720,0.5283995270729065,0.5408439636230469,0.5431662201881409,0.5437342524528503,0.5181284546852112,0.5576757788658142,0.5403353571891785,0.5541601181030273,0.5369449853897095,0.5512321591377258
Case007-1,132727,0.2856232821941376,0.3073871731758117,0.2990286350250244,0.3053025901317596,0.2637257575988769,0.301630824804306,0.2849199771881103,0.2819292545318603,0.295358657836914,0.3164534568786621
Case007-1,133154,0.0342151895165443,0.0165851954370737,0.0244688652455806,0.0232928153127431,0.0276611503213644,0.0300238393247127,0.0157052241265773,8.16459816421755e-11,0.0408703312277793,0.0376318804919719
Case008-1,216123,0.9014683961868286,0.8661705851554871,0.8993716239929199,0.9004901647567749,0.8572328090667725,0.9106570482254028,0.9041563272476196,0.895841658115387,0.8892069458961487,0.87413489818573
Case008-1,216158,0.7986475825309753,0.8046931624412537,0.7782390713691711,0.7827034592628479,0.7872371077537537,0.8228204250335693,0.7999417185783386,0.8349234461784363,0.8323730826377869,0.7915553450584412
Case008-1,216188,0.868246853351593,0.8141400814056396,0.8366068601608276,0.8407695293426514,0.8141052722930908,0.8226470351219177,0.837348997592926,0.8601571917533875,0.9167064428329468,0.8906592726707458
Case008-1,216233,0.9358965754508972,0.9023050665855408,0.8819782733917236,0.9380146861076356,0.8787495493888855,0.940537929534912,0.933635413646698,0.904952108860016,0.9075994491577148,0.8895261287689209
Case008-1,216248,0.9163262248039246,0.8615562319755554,0.8928828835487366,0.882059633731842,0.8379167318344116,0.9431087970733644,0.8864230513572693,0.8751134872436523,0.8793723583221436,0.8679350018501282
Case008-1,216268,0.9200335144996644,0.9294110536575316,0.9518279433250428,0.904587984085083,0.8768810629844666,0.9389024972915648,0.8926320672035217,0.8568261861801147,0.9109476804733276,0.8695143461227417
Case008-1,216288,0.6596530079841614,0.8107466697692871,0.6893211603164673,0.7712469696998596,0.5929108262062073,0.8512847423553467,0.6218823194503784,0.7002791166305542,0.6873635053634644,0.7622588276863098
Case008-1,216313,0.7742255926132202,0.8466124534606934,0.6891833543777466,0.8198857307434082,0.6250576972961426,0.8422946929931641,0.6198473572731018,0.6890793442726135,0.730126142501831,0.8287449479103088
Case008-1,216413,0.8819893598556519,0.8979262709617615,0.908309042453766,0.8639122247695923,0.8734610080718994,0.8669300079345703,0.8663007616996765,0.8820916414260864,0.8914520740509033,0.808218240737915
Case008-1,216613,0.86219722032547,0.813698410987854,0.8715122938156128,0.8086562752723694,0.8360089659690857,0.892276406288147,0.8869378566741943,0.7448979616165161,0.8920555710792542,0.85775226354599
Case008-1,216713,0.9309442043304444,0.9440005421638488,0.9346960186958312,0.9475789070129396,0.9309521317481996,0.933418869972229,0.9435314536094666,0.9098939895629884,0.9305000901222228,0.9151225686073304
Case008-1,216813,0.8208652138710022,0.868860125541687,0.8673113584518433,0.7404340505599976,0.7897529006004333,0.8221414089202881,0.8114176392555237,0.6474980115890503,0.8456845283508301,0.8610929250717163
Case008-1,217313,0.8279513120651245,0.8320503234863281,0.8331121802330017,0.7476407885551453,0.7437829375267029,0.7762290835380554,0.8024886250495911,0.7134577035903931,0.7698128819465637,0.7736181616783142
Case008-1,217513,0.8207407593727112,0.7958412170410156,0.8639299273490906,0.8239856362342834,0.8357694745063782,0.8168529272079468,0.8378982543945312,0.8419657945632935,0.8262760639190674,0.8450515866279602
Case008-1,217613,0.8941046595573425,0.8711201548576355,0.901722490787506,0.912066638469696,0.8782980442047119,0.8701509833335876,0.9323330521583556,0.8636764287948608,0.9059566855430604,0.8631224632263184
Case008-1,218013,0.896752655506134,0.8950416445732117,0.9348024129867554,0.912732481956482,0.9369474053382874,0.9421585202217102,0.8819513320922852,0.8842639327049255,0.9318304657936096,0.9309332370758056
Case008-1,218213,0.9462496638298036,0.9639049172401428,0.9546193480491638,0.9203744530677797,0.9105163812637328,0.942925989627838,0.9306014776229858,0.9234455227851868,0.940140962600708,0.9095308780670166
Case008-1,218513,0.9043331146240234,0.945106565952301,0.9337624907493592,0.8917648196220398,0.8988228440284729,0.8922926187515259,0.9068517684936525,0.9439505338668824,0.9259761571884156,0.9197614192962646
Case008-1,218713,0.8603492975234985,0.9092901945114136,0.9072358012199402,0.871836245059967,0.8639305233955383,0.8718268275260925,0.8879419565200806,0.8955973982810974,0.889480710029602,0.9226763844490052
Case008-1,219014,0.8885450959205627,0.8803176283836365,0.8871533870697021,0.845313549041748,0.8455514311790466,0.8529105186462402,0.8032360672950745,0.9097120761871338,0.897137463092804,0.8636699914932251
Case008-1,219314,0.9334739446640016,0.9182096123695374,0.915712594985962,0.9000127911567688,0.8656899929046631,0.8512792587280273,0.9333388209342957,0.9037163853645324,0.8985174894332886,0.923908531665802
Case008-1,219614,0.9009854793548584,0.885097861289978,0.9152044653892516,0.8924689292907715,0.9065160155296326,0.9059909582138062,0.8776696920394897,0.8912956714630127,0.9055394530296326,0.861339807510376
Case008-1,220114,0.8086251020431519,0.8353694677352905,0.872585117816925,0.8285601735115051,0.7989625930786133,0.8228399753570557,0.8051398992538452,0.8332800269126892,0.8406927585601807,0.8329887390136719
Case008-1,220614,0.8055875301361084,0.7900135517120361,0.8389663696289062,0.8677355647087097,0.8585065603256226,0.8557576537132263,0.8076527118682861,0.8563304543495178,0.8066091537475586,0.8407053351402283
Case008-1,220821,0.8882971405982971,0.8615608215332031,0.8955121040344238,0.8951230049133301,0.917593240737915,0.8895362615585327,0.9023144841194152,0.8959543704986572,0.8358229994773865,0.8775495886802673
Case008-1,221420,0.8621587157249451,0.878139853477478,0.8985297679901123,0.926761269569397,0.9091601967811584,0.8878430724143982,0.9184325337409972,0.8719899654388428,0.9181364178657532,0.8967514634132385
Case008-1,221720,0.8562229871749878,0.8727210164070129,0.9048760533332824,0.8785481452941895,0.8871147632598877,0.8883022665977478,0.9331796765327454,0.922080099582672,0.9097923040390016,0.8888068199157715
Case008-1,222220,0.8129802942276001,0.828606903553009,0.8359972834587097,0.8105709552764893,0.7967302799224854,0.7900483012199402,0.8315767049789429,0.7131073474884033,0.8901472091674805,0.7779113054275513
Case008-1,222619,0.8745375275611877,0.8809897303581238,0.9370437264442444,0.9387173652648926,0.9161208271980286,0.8878479599952698,0.9428400993347168,0.921879768371582,0.922153651714325,0.9132432341575624
Case008-1,222720,0.9058730602264404,0.9288289546966552,0.9230899214744568,0.9150582551956176,0.891618013381958,0.9243150949478148,0.9002255201339722,0.926272451877594,0.8990476131439209,0.9193200469017028
Case008-1,222722,0.948842465877533,0.9384026527404784,0.9354669451713562,0.946887195110321,0.9440919160842896,0.9537864327430724,0.9157267808914183,0.9208340048789978,0.9362148642539978,0.9464938640594482
Case008-1,222774,0.872178852558136,0.8686190843582153,0.8783754110336304,0.885346531867981,0.8920002579689026,0.8735793828964233,0.847794771194458,0.8335458636283875,0.8693773150444031,0.8729970455169678
Case008-1,222815,0.896216094493866,0.8789975643157959,0.93910151720047,0.9022052884101868,0.9037497639656068,0.8664748072624207,0.8707834482192993,0.8970509171485901,0.8840883374214172,0.8831711411476135
Case008-1,222816,0.8950150609016418,0.8640843033790588,0.9248062968254088,0.922489047050476,0.9136488437652588,0.8963940143585205,0.8792331218719482,0.8894358277320862,0.888484001159668,0.8920231461524963
Case008-1,222857,0.9351751804351808,0.9186812043190002,0.9170171618461608,0.9244884848594666,0.9154344201087952,0.891968309879303,0.8965810537338257,0.8716160655021667,0.8564597964286804,0.8914681077003479
Case008-1,222958,0.8524391651153564,0.8881075978279114,0.8709129095077515,0.8692859411239624,0.8196655511856079,0.9212962985038756,0.8298187255859375,0.8361905217170715,0.8236541748046875,0.8052294254302979
Case008-1,223154,0.8921059370040894,0.9045974612236024,0.9269100427627563,0.9170305728912354,0.8783050179481506,0.9112775325775146,0.8845390677452087,0.9254804849624634,0.91582190990448,0.9138714671134948
Case008-1,223620,0.8527214527130127,0.858167827129364,0.8747959136962891,0.9064703583717346,0.8118878602981567,0.8883699774742126,0.8606396317481995,0.8725533485412598,0.9137478470802308,0.8973234295845032
Case008-1,223821,0.8656794428825378,0.8533119559288025,0.9270615577697754,0.891029953956604,0.8685150742530823,0.8856220245361328,0.858485758304596,0.8444640636444092,0.8876968622207642,0.8465045094490051
Case008-1,224280,0.8583036065101624,0.8599876165390015,0.808005154132843,0.8475854992866516,0.8192122578620911,0.7931152582168579,0.8444466590881348,0.8667439222335815,0.8460926413536072,0.8095686435699463
Case008-1,224327,0.8546732664108276,0.8334710597991943,0.8848709464073181,0.8057197332382202,0.8624702095985413,0.8143547177314758,0.8268288969993591,0.87523353099823,0.8856630325317383,0.8822308778762817
Case008-2,0,0.8444787859916687,0.8053380846977234,0.8134276270866394,0.8530805706977844,0.8130564093589783,0.8793911933898926,0.8224250674247742,0.7868542075157166,0.8202157616615295,0.829243540763855
Case008-2,20,0.876384437084198,0.854875385761261,0.8537107706069946,0.8976748585700989,0.8761148452758789,0.9265169501304626,0.8550455570220947,0.8341681957244873,0.8620339632034302,0.8437924385070801
Case008-2,61,0.8689736723899841,0.8699493408203125,0.8313173651695251,0.8939563035964966,0.8481561541557312,0.8831670880317688,0.8790983557701111,0.8306505084037781,0.8603162169456482,0.8558009266853333
Case008-2,500,0.9001002907752991,0.890652060508728,0.9125428795814514,0.9061344861984252,0.8825748562812805,0.9259144067764282,0.9102412462234496,0.8930383920669556,0.906270444393158,0.8978747129440308
Case008-2,620,0.9028373956680298,0.8927174806594849,0.8747153878211975,0.89167720079422,0.8377429842948914,0.9143111109733582,0.9285471439361572,0.8378597497940063,0.8773636817932129,0.8737050294876099
Case008-2,1140,0.8521808385848999,0.8477845788002014,0.8415509462356567,0.87957364320755,0.7787424921989441,0.8797305226325989,0.9050469398498536,0.8436595797538757,0.8170625567436218,0.8614650964736938
Case008-2,1220,0.803987443447113,0.7602686285972595,0.7751041054725647,0.7544389367103577,0.7598340511322021,0.8285080790519714,0.8163595199584961,0.7541284561157227,0.7806743383407593,0.777344822883606
Case008-2,1580,0.7403773665428162,0.7157923579216003,0.7380024194717407,0.7505098581314087,0.6852447390556335,0.7804179787635803,0.7675119638442993,0.7123655676841736,0.7512180805206299,0.724277913570404
Case008-2,1700,0.750779926776886,0.7619444131851196,0.8000907301902771,0.7901490926742554,0.7386991381645203,0.8096958994865417,0.7882443070411682,0.7435325980186462,0.7530591487884521,0.7479411959648132
Case008-2,1940,0.8037629127502441,0.7945700287818909,0.8223491311073303,0.7900567650794983,0.7651990056037903,0.7987489104270935,0.8812683820724487,0.7734109163284302,0.8532187938690186,0.7835828065872192
Case008-2,2040,0.809918224811554,0.8330563306808472,0.7999573349952698,0.8070994019508362,0.8335620164871216,0.8297805786132812,0.8078629374504089,0.78523188829422,0.7702791094779968,0.8255356550216675
Case008-2,2180,0.8810403347015381,0.8732714653015137,0.8963654041290283,0.8940902352333069,0.8635045289993286,0.8805791139602661,0.832809567451477,0.8518756628036499,0.8434222340583801,0.8760947585105896
Case008-2,2240,0.9003145098686218,0.8997728824615479,0.8923671245574951,0.9023542404174804,0.8577876091003418,0.8994455337524414,0.8909687995910645,0.8469957709312439,0.8763440847396851,0.8858209848403931
Case008-2,2660,0.8578829765319824,0.8491645455360413,0.8003189563751221,0.8324388265609741,0.8171418905258179,0.8615241050720215,0.8178833723068237,0.8093456029891968,0.8296432495117188,0.8383110165596008
Case008-2,2780,0.8432950377464294,0.8575774431228638,0.8937615156173706,0.8582069277763367,0.8994377255439758,0.890802800655365,0.8692387342453003,0.8736042976379395,0.8919981122016907,0.871890664100647
Case008-2,2841,0.8081895709037781,0.9062336683273317,0.8714802861213684,0.8237534761428833,0.9206695556640624,0.8464927673339844,0.8570443987846375,0.8441035151481628,0.8296318650245667,0.8156964182853699
Case008-2,3041,0.8654510974884033,0.8943048119544983,0.8259814977645874,0.8866391181945801,0.8473748564720154,0.8459431529045105,0.9043909907341005,0.915475606918335,0.854083776473999,0.9441949129104614
Case008-2,3241,0.8408913612365723,0.9019800424575806,0.8782669305801392,0.9228705167770386,0.8831456899642944,0.9332777261734008,0.9356984496116638,0.9085630178451538,0.8986472487449646,0.9045426249504088
Case008-2,3841,0.5441367626190186,0.6445815563201904,0.6297705769538879,0.6071938872337341,0.6247455477714539,0.6058745980262756,0.7231733798980713,0.5626292824745178,0.5763260126113892,0.6289256811141968
Case008-2,4400,0.3078839778900146,0.395719975233078,0.3474402725696563,0.3429416120052337,0.3203365504741668,0.412882387638092,0.3561851382255554,0.3128001689910888,0.3583013117313385,0.4383585751056671
Case008-2,4600,0.4393037557601928,0.5054791569709778,0.4356523156166076,0.4406460225582123,0.4766913056373596,0.4447776079177856,0.4403843879699707,0.4017716944217682,0.3675307035446167,0.4637942016124725
Case008-2,4800,0.4563973844051361,0.519444465637207,0.4965375661849975,0.4895688593387604,0.5358991622924805,0.5362876057624817,0.5079925060272217,0.3718073070049286,0.4779660999774933,0.5027858018875122
Case008-2,5000,0.6535904407501221,0.5252640843391418,0.6549729108810425,0.5288997292518616,0.5832778215408325,0.5785643458366394,0.6454692482948303,0.514165997505188,0.6973670721054077,0.5980656147003174
Case008-2,5200,0.5657342672348022,0.598612904548645,0.5888853669166565,0.6145017743110657,0.5563122630119324,0.581563413143158,0.5595789551734924,0.6263338923454285,0.5913384556770325,0.5946120619773865
Case008-2,5400,0.5662346482276917,0.513526976108551,0.5572582483291626,0.5306450128555298,0.5713427066802979,0.5825888514518738,0.5217788219451904,0.5955898761749268,0.5906848311424255,0.6076228618621826
Case008-2,6000,0.7434223890304565,0.7424709796905518,0.752254843711853,0.6036733388900757,0.7800025343894958,0.8256587386131287,0.7290170788764954,0.7567338347434998,0.6205298900604248,0.7952536940574646
Case008-2,6200,0.7630593180656433,0.6661652326583862,0.7090515494346619,0.6655012965202332,0.725239634513855,0.6560426950454712,0.6617757678031921,0.6276992559432983,0.6809021234512329,0.7531400918960571
Case008-2,6600,0.7914016246795654,0.7726659178733826,0.8199251294136047,0.8484848737716675,0.8210480213165283,0.7034910917282104,0.7337505221366882,0.5197084546089172,0.7346495985984802,0.7705600261688232
Case008-2,6800,0.7922977805137634,0.859934389591217,0.870305061340332,0.766497015953064,0.7802273631095886,0.8476962447166443,0.828554093837738,0.621082067489624,0.8039894104003906,0.7701388597488403
Case008-2,8000,0.3255865573883056,0.2694834768772125,0.2202998846769333,0.2019989490509033,0.0872627049684524,0.4811099171638489,0.3023667335510254,0.2207348346710205,0.4026418328285217,0.1737593859434127
Case008-2,8435,0.0471164137125015,0.2275616228580474,0.5604808330535889,0.269374668598175,0.040830448269844,0.3677327930927276,0.4084056615829468,0.1458942890167236,0.3826968073844909,0.3037135303020477
Case008-2,9635,0.3838273584842682,0.5267823338508606,0.6676761507987976,0.5016564130783081,0.6488879323005676,0.5715484023094177,0.6369233727455139,0.5321239829063416,0.702749490737915,0.6938127875328064
Case008-2,10200,0.8593697547912598,0.7446427345275879,0.9096640348434448,0.8796043992042542,0.911607265472412,0.8389955759048462,0.8511566519737244,0.918315887451172,0.8535329103469849,0.9061736464500428
Case008-2,10800,0.5246807336807251,0.5423054099082947,0.7095409631729126,0.6797707080841064,0.5741776823997498,0.5689054727554321,0.5856288075447083,0.6228908896446228,0.6113051772117615,0.6655341386795044
Case008-2,13300,0.9084268808364868,0.9443207383155824,0.8822612762451172,0.931542694568634,0.8669780492782593,0.8159952163696289,0.9199557304382324,0.86884605884552,0.8328824043273926,0.8457314968109131
Case008-2,15300,0.6293382048606873,0.556812584400177,0.635787308216095,0.6940132975578308,0.7412154078483582,0.6647408604621887,0.6286136507987976,0.7770366072654724,0.7429512143135071,0.8763250708580017
Case008-2,17100,0.6036432385444641,0.6104523539543152,0.6251949071884155,0.5581492185592651,0.5852563381195068,0.720794141292572,0.6239463090896606,0.7393834590911865,0.4141214489936828,0.6411563158035278
Case008-2,21100,0.6856285333633423,0.6551386117935181,0.7581199407577515,0.7003512978553772,0.6394575238227844,0.6972288489341736,0.7093830108642578,0.7102816104888916,0.6918060183525085,0.6910752058029175
Case009-2,106161,0.5284329652786255,0.5758534669876099,0.5369916558265686,0.5747172832489014,0.6226757168769836,0.5504587292671204,0.5141471028327942,0.3762732148170471,0.6437113285064697,0.5742608308792114
Case009-2,106837,0.7829222679138184,0.8917869925498962,0.9062024354934692,0.9041951894760132,0.8660672307014465,0.781324028968811,0.8152148723602295,0.8014668822288513,0.9308743476867676,0.7869194149971008
Case009-2,106892,0.7516627907752991,0.7361396551132202,0.7699341773986816,0.8772097229957581,0.7652373909950256,0.7354487180709839,0.8084133267402649,0.7121894359588623,0.907156229019165,0.7758513689041138
Case009-2,107042,0.6517749428749084,0.7420562505722046,0.5740292072296143,0.6040561199188232,0.5578194260597229,0.5852670669555664,0.7030897736549377,0.624235212802887,0.6632376313209534,0.6600965261459351
Case009-2,107161,0.7075555324554443,0.8710518479347229,0.8682774901390076,0.8506800532341003,0.6163219213485718,0.7536512017250061,0.7877280116081238,0.8119403123855591,0.7891175150871277,0.8232190012931824
Case009-2,107192,0.8104680776596069,0.9295742511749268,0.9027660489082336,0.8756598830223083,0.8710024952888489,0.8125712871551514,0.8468150496482849,0.879540205001831,0.8934445381164551,0.8953012824058533
Case009-2,107347,0.8580877184867859,0.9036754965782166,0.8875672817230225,0.891718327999115,0.8569936156272888,0.8423269987106323,0.8327088952064514,0.8602235913276672,0.8950554132461548,0.8358945846557617
Case009-2,107362,0.8885276317596436,0.8572483062744141,0.8375391960144043,0.742206871509552,0.7570897936820984,0.8311792016029358,0.812000572681427,0.838336706161499,0.9028261303901672,0.8413428068161011
Case009-2,107372,0.744662344455719,0.7172504663467407,0.8139967918395996,0.83958500623703,0.7675910592079163,0.8336940407752991,0.7103123068809509,0.8086977601051331,0.7674630880355835,0.6837663650512695
Case009-2,108275,0.7191302180290222,0.6067019104957581,0.7939596176147461,0.7372719049453735,0.7780004739761353,0.5683168172836304,0.7068727016448975,0.8376360535621643,0.7794561982154846,0.8019658923149109
Case009-2,108305,0.2445414811372757,0.3428942561149597,0.3719527423381805,0.419221431016922,0.3894176483154297,0.2198085486888885,0.4367144107818603,0.3571428656578064,0.5121335387229919,0.4017696678638458
Case009-2,108365,0.6852880716323853,0.6399187445640564,0.785862147808075,0.7363762259483337,0.6877952218055725,0.4877903461456299,0.7369348406791687,0.8251510858535767,0.7398337125778198,0.6917973756790161
Case009-2,108405,0.61687171459198,0.4016384184360504,0.7744976282119751,0.6237676739692688,0.5495513677597046,0.3672380149364471,0.5218807458877563,0.8066298365592957,0.6177689433097839,0.7237299680709839
Case009-2,108565,0.463674783706665,0.3024949133396148,0.6030197739601135,0.4330315291881561,0.3686623573303222,0.3192904591560364,0.4139579236507416,0.6793953776359558,0.5275059938430786,0.4697047173976898
Case009-2,108595,0.2474592626094818,0.2927358746528625,0.5756352543830872,0.4814611971378326,0.4000678658485412,0.2681751251220703,0.4820717275142669,0.5582887530326843,0.3887572884559631,0.4920701086521148
Case009-2,108615,0.6274731755256653,0.3805211186408996,0.6661665439605713,0.5854754447937012,0.5657203197479248,0.3771980106830597,0.6357688307762146,0.6460446119308472,0.6928026080131531,0.6064900159835815
Case009-2,108685,0.4050471782684326,0.3675469756126404,0.514737606048584,0.4237324595451355,0.4043231010437011,0.3363468945026397,0.5220491886138916,0.3928571343421936,0.54843670129776,0.3920953571796417
Case009-2,108705,0.444766491651535,0.5333333611488342,0.5824025273323059,0.7521865963935852,0.5488571524620056,0.4902512431144714,0.5793313980102539,0.3455552756786346,0.7129735946655273,0.4650998413562774
Case009-2,109750,0.4842228293418884,0.443384975194931,0.3350622355937958,0.57961505651474,0.4815773665904999,0.4602296948432922,0.6469202041625977,0.8519657850265503,0.5616753697395325,0.7132452130317688
Case009-2,111020,0.578003466129303,0.5544286966323853,0.5447502732276917,0.6623842120170593,0.6194751262664795,0.6399232745170593,0.5676017999649048,0.5957188010215759,0.5167237520217896,0.6040374636650085
Case009-2,111040,0.1714126169681549,0.2631256282329559,2.2316447301218287e-10,0.1089073196053505,0.2794432640075683,0.4096080958843231,0.2576028704643249,0.1325966864824295,0.1259201467037201,0.2812432944774627
Case009-2,111050,0.8022992610931396,0.8440085649490356,0.7625228762626648,0.8118988275527954,0.8480669856071472,0.7604332566261292,0.7878339290618896,0.765255868434906,0.6166554689407349,0.824817955493927
Case009-2,111070,0.9031531810760498,0.9278301000595092,0.895702064037323,0.9013442397117616,0.9148593544960022,0.8734028339385986,0.8744227886199951,0.888521134853363,0.8862419128417969,0.920609176158905
Case009-2,111090,0.6634124517440796,0.7369469404220581,0.6928335428237915,0.7254420518875122,0.7752057909965515,0.682340145111084,0.7032130360603333,0.7103250622749329,0.5059969425201416,0.7280361652374268
Case009-2,111115,0.7788914442062378,0.7256637215614319,0.8206561207771301,0.7765194177627563,0.7805925011634827,0.7577825784683228,0.7750705480575562,0.7105735540390015,0.6906332969665527,0.6542606949806213
Case009-2,111150,0.6223123073577881,0.4880157113075256,0.6609811782836914,0.7461822032928467,0.7203802466392517,0.7302355170249939,0.5927156805992126,0.7084649205207825,0.5851014256477356,0.6524506211280823
Case009-2,111160,0.7289619445800781,0.7743150591850281,0.8272071480751038,0.7785259485244751,0.7715409398078918,0.6714755892753601,0.778827965259552,0.7792699933052063,0.7909123301506042,0.7962555289268494
Case009-2,111165,0.8405796885490417,0.8623262643814087,0.8827463984489441,0.8655932545661926,0.9095020294189452,0.9062151312828064,0.9070126414299012,0.8818964958190918,0.8591331243515015,0.8773952126502991
Case009-2,111175,0.8852881193161011,0.8519423604011536,0.8823837637901306,0.8422313332557678,0.8979374170303345,0.9283234477043152,0.8901593089103699,0.9325339198112488,0.8794522285461426,0.8768081665039062
Case009-2,111185,0.7811833024024963,0.7242388725280762,0.7869872450828552,0.756586492061615,0.823367714881897,0.8914604187011719,0.8514955639839172,0.8523911833763123,0.7433097958564758,0.7502917051315308
Case009-2,111195,0.841284453868866,0.8539348244667053,0.8594335317611694,0.8454285860061646,0.8675218224525452,0.8938919901847839,0.8845994472503662,0.8484978079795837,0.8610604405403137,0.8637797832489014
Case009-2,111205,0.6802849173545837,0.7138082981109619,0.6605806946754456,0.6635335683822632,0.6824017763137817,0.6650663018226624,0.7435372471809387,0.753555178642273,0.7558739185333252,0.7872174382209778
Case009-2,111220,0.5858468413352966,0.5547062754631042,0.570554256439209,0.5713319182395935,0.5654636025428772,0.5416455864906311,0.5549286603927612,0.610795795917511,0.5860593914985657,0.6126607060432434
Case009-2,111235,0.3479820489883423,0.2871825993061065,0.3567263185977936,0.3869693875312805,0.2577693164348602,0.3003952503204345,0.2488248199224472,0.3353658616542816,0.3050524294376373,0.3567410707473755
Case009-2,115491,0.2551440298557281,0.2786630690097809,0.2977867126464844,0.2631781995296478,0.282534658908844,0.2462805211544037,0.333040326833725,0.2723859846591949,0.3216374218463897,0.2880310714244842
Case010-2,140331,0.522312581539154,0.5402027368545532,0.704920768737793,0.6232341527938843,0.5024764537811279,0.5969518423080444,0.6985403895378113,0.669552206993103,0.622523307800293,0.3892185986042022
Case010-2,142791,0.1719582378864288,0.1444433480501175,0.321087896823883,0.176676258444786,0.2324212938547134,0.1171770989894867,0.2781265079975128,0.204706996679306,0.3496766090393066,0.2001984566450119
Case010-2,146224,0.6429502367973328,0.6666238307952881,0.7402437329292297,0.7007491588592529,0.6631834506988525,0.4763015806674957,0.4161317050457001,0.6535803079605103,0.6726553440093994,0.6666666865348816
Case010-2,152285,0.405740886926651,0.2777777910232544,0.5146451592445374,0.4588676989078522,0.3227196633815765,0.2647963464260101,0.3533903360366821,0.3794384896755218,0.2629686594009399,0.5645849108695984
Case010-2,152300,0.3969572484493255,0.3205929100513458,0.4617956876754761,0.3934693932533264,0.2936618328094482,0.261822372674942,0.2589522004127502,0.3217197954654693,0.3708459138870239,0.3876183927059173
Case010-2,152420,0.540066123008728,0.2986169457435608,0.3330143392086029,0.4264705777168274,0.618807852268219,0.2178486585617065,0.1668085157871246,0.2758799195289612,0.3482673764228821,0.4687022864818573
Case010-2,152495,0.5530853867530823,0.4170865416526794,0.4365397989749908,0.4862883388996124,0.5739918947219849,0.4181876480579376,0.3718092441558838,0.4194901585578918,0.3870727121829986,0.5473490357398987
Case010-2,152500,0.2586613595485687,0.279911458492279,0.2158739566802978,0.2959446609020233,0.2422815263271331,0.1950902938842773,0.1803299337625503,0.2813527584075928,0.244843453168869,0.3751014173030853
Case010-2,152512,0.4644121825695038,0.5531690716743469,0.6608563661575317,0.687553882598877,0.513587474822998,0.4593058824539184,0.4782966375350952,0.5661184787750244,0.5425017476081848,0.5410921573638916
Case010-2,152530,0.4210253655910492,0.1651006639003753,0.2054648697376251,0.2869633138179779,0.380086749792099,0.1662069857120514,0.2732768952846527,0.2720201909542084,0.1902242451906204,0.2337101548910141
Case010-2,152562,0.5127550959587097,0.4860412776470184,0.4644295275211334,0.6648839712142944,0.6132183074951172,0.421117752790451,0.3355628550052643,0.6746158003807068,0.5470816493034363,0.4942573606967926
Case010-2,152610,0.4789450168609619,0.3561403453350067,0.423474907875061,0.4062246680259704,0.58580482006073,0.3556767702102661,0.3393185436725616,0.4917269945144653,0.4245383739471435,0.3144424259662628
Case010-2,152612,0.5142719745635986,0.3754238188266754,0.3989713490009308,0.4001104533672333,0.6038264036178589,0.378354012966156,0.3885771334171295,0.4117161631584167,0.4303013980388641,0.4138848185539245
Case010-2,152637,0.3187538683414459,0.2962236404418945,0.4338105022907257,0.3929425776004791,0.311070442199707,0.2462669461965561,0.3190074265003204,0.3237882256507873,0.3249238133430481,0.3422003984451294
Case010-2,152660,0.3551366031169891,0.418823093175888,0.4080894887447357,0.4827098250389099,0.5906080603599548,0.4160332977771759,0.2448251247406005,0.3133496642112732,0.4271618127822876,0.5140653252601624
Case010-2,152737,0.520979642868042,0.6574788689613342,0.6837159395217896,0.5367670655250549,0.6803842782974243,0.7781267166137695,0.6147898435592651,0.7166839241981506,0.5043271780014038,0.6980291604995728
Case010-2,152760,0.4219808876514435,0.4392240941524505,0.5938665866851807,0.534683883190155,0.4679643213748932,0.4513653516769409,0.4393074512481689,0.5935975909233093,0.5110350251197815,0.586399495601654
Case010-2,152777,0.3216220736503601,0.4160943925380707,0.5778499245643616,0.5636919736862183,0.5073925256729126,0.5211043953895569,0.4839959442615509,0.5309305191040039,0.4688784182071686,0.613395631313324
Case010-2,152810,0.6254088878631592,0.6231124997138977,0.6154532432556152,0.6851068735122681,0.7419434785842896,0.4954663515090942,0.7480504512786865,0.7102769017219543,0.7216571569442749,0.7819576263427734
Case010-2,152812,0.6729981303215027,0.7442981004714966,0.7337658405303955,0.7468165755271912,0.7910086512565613,0.6302127242088318,0.7187747359275818,0.7301022410392761,0.7102062702178955,0.8018400073051453
Case010-2,152860,0.5103785395622253,0.4788282215595245,0.500228226184845,0.5080732107162476,0.3693894147872925,0.4810516238212585,0.4860098361968994,0.4950245320796966,0.4661794006824493,0.5409473180770874
Case010-2,152862,0.5551202893257141,0.4916960299015045,0.4951967895030975,0.4158340692520141,0.3453934490680694,0.4316884279251098,0.4883354306221008,0.4897838234901428,0.4809182286262512,0.5675344467163086
Case010-2,153010,0.4720755815505981,0.2860499918460846,0.6095053553581238,0.4157645106315613,0.4536380469799042,0.3828692734241485,0.3987120985984802,0.5679298639297485,0.4829832315444946,0.4569992125034332
Case010-2,153110,0.7894649505615234,0.6311792731285095,0.6782217025756836,0.645424485206604,0.7235386967658997,0.6666133403778076,0.4830267429351806,0.7240826487541199,0.759284496307373,0.7084152102470398
Case010-2,153242,0.6795120239257812,0.6534690260887146,0.7196249961853027,0.6260439157485962,0.6491153240203857,0.7142391204833984,0.6797776222229004,0.6575870513916016,0.5626291036605835,0.687975287437439
Case010-2,153310,0.5834300518035889,0.4639109373092651,0.619438648223877,0.650766134262085,0.5302402377128601,0.6186171770095825,0.556492805480957,0.5144778490066528,0.7029087543487549,0.4927377998828888
Case010-2,153452,0.6908508539199829,0.781694233417511,0.6603108644485474,0.7117947340011597,0.7705813050270081,0.6604388356208801,0.581864595413208,0.690906286239624,0.6313472390174866,0.7444753646850586
Case010-2,153460,0.6655604839324951,0.6343801021575928,0.6826145648956299,0.6759750843048096,0.6974290013313293,0.5047249794006348,0.4447710514068603,0.6488654613494873,0.7256596684455872,0.6817436814308167
Case010-2,153562,0.7826733589172363,0.7671686410903931,0.7411311864852905,0.7798393964767456,0.7841083407402039,0.6942446231842041,0.4997575283050537,0.6768951416015625,0.7723497152328491,0.7002310752868652
Case010-2,153760,0.5478087663650513,0.6858958601951599,0.5766666531562805,0.6622934937477112,0.6488019227981567,0.640113353729248,0.4243990182876587,0.6177338361740112,0.7485610842704773,0.6067749261856079
Case010-2,153810,0.7764608263969421,0.6786163449287415,0.7245625257492065,0.8309360146522522,0.7101129293441772,0.7132555842399597,0.6921965479850769,0.7436866164207458,0.8624456524848938,0.7407649755477905
Case010-2,153860,0.7959606051445007,0.5677825212478638,0.7807009220123291,0.8522513508796692,0.67643141746521,0.8550699353218079,0.7556923031806946,0.813327968120575,0.823790431022644,0.6963659524917603
Case010-2,153862,0.8261392712593079,0.6572413444519043,0.8239943385124207,0.8518290519714355,0.6750715374946594,0.8578013181686401,0.7037516236305237,0.8345985412597656,0.7299342155456543,0.7798367738723755
Case010-2,153910,0.8355945944786072,0.803663432598114,0.8492047786712646,0.8563004732131958,0.8191738128662109,0.8723511099815369,0.808861494064331,0.8912574648857117,0.8576051592826843,0.8453702926635742
